created_date,final_score,score
2012-04-11,0.477130651473999,2.8
2012-04-17,0.0,3.3333333333333335
2012-04-19,0.0,2.0
2012-04-21,0.6933856010437012,2.0
2012-04-23,0.1787303566932678,2.0
2012-04-24,-0.07725123167037964,2.6
2012-04-25,-0.27221561074256895,2.8
2012-04-26,-0.1084368348121643,2.4
2012-04-27,0.2425386667251587,2.6
2012-04-28,-0.43463913599650067,2.0
2012-04-30,0.21793625354766846,3.0
2012-05-01,0.1971569061279297,2.6
2012-05-02,-0.3763643503189087,3.0
2012-05-03,0.10125037431716918,3.0
2012-05-04,0.47123887538909914,3.6
2012-05-05,-0.200702965259552,2.0
2012-05-06,0.3239630162715912,2.0
2012-05-07,0.6844622492790222,2.2
2012-05-08,-0.19153802394866942,3.8
2012-05-09,-0.20086027979850768,2.2
2012-05-10,0.3141894221305847,4.4
2012-05-11,-0.22036505341529847,3.8
2012-05-12,0.3314907908439636,2.4
2012-05-13,-0.15246049165725709,3.2
2012-05-14,-0.17389342784881592,3.2
2012-05-15,0.1892857551574707,4.0
2012-05-16,-0.12001184821128845,3.8
2012-05-17,0.0,2.2
2012-05-18,-0.3840144157409668,3.6
2012-05-19,-0.44157750606536866,4.2
2012-05-20,-0.06270318031311035,3.4
2012-05-21,0.0398983359336853,4.8
2012-05-22,0.11972509622573853,3.6
2012-05-23,0.056944847106933594,3.0
2012-05-24,-0.36416618824005126,3.2
2012-05-25,0.17933197021484376,2.2
2012-05-26,0.17238013744354247,2.0
2012-05-27,0.0,2.0
2012-05-29,0.028763985633850096,3.6
2012-05-30,-0.006487107276916504,3.6
2012-05-31,-4.646778106689453e-05,2.2
2012-06-01,-0.011184847354888916,3.6
2012-06-02,0.06684376001358032,2.8
2012-06-03,-0.6897660493850708,3.0
2012-06-04,0.12161351243654887,3.0
2012-06-05,-0.09598178267478943,3.2
2012-06-06,0.10934646725654602,3.8
2012-06-07,-0.05041120052337646,3.4
2012-06-08,0.6116495788097381,3.8
2012-06-10,0.98091059923172,2.0
2012-06-11,0.10613596439361572,2.6
2012-06-12,-0.0011241436004638672,2.4
2012-06-13,0.18209943771362305,3.8
2012-06-14,0.10994595289230347,5.6
2012-06-15,0.2192198395729065,2.4
2012-06-16,-0.21160445213317872,3.2
2012-06-17,-0.06345310807228088,2.2
2012-06-18,-0.29369841814041137,2.6
2012-06-19,0.516364586353302,2.4
2012-06-20,0.2303882956504822,2.2
2012-06-21,-0.003796982765197754,2.0
2012-06-22,-0.04469679594039917,2.2
2012-06-23,0.02598661184310913,2.5
2012-06-24,0.0,2.6666666666666665
2012-06-25,-0.15754643678665162,2.6
2012-06-26,0.0,2.0
2012-06-27,0.013395559787750245,2.2
2012-06-28,0.36746718883514407,3.4
2012-06-29,-0.42290642857551575,2.25
2012-06-30,-0.11402425765991211,2.8
2012-07-01,0.41617557406425476,2.0
2012-07-02,-0.19221041202545167,2.4
2012-07-03,0.5391272902488708,2.2
2012-07-04,-0.1909511685371399,2.0
2012-07-05,0.0,2.5
2012-07-06,-0.32956260442733765,4.2
2012-07-07,-0.09086432456970214,2.2
2012-07-08,-0.14154815673828125,4.2
2012-07-09,-0.13317309617996215,2.0
2012-07-10,-0.15303425788879393,2.8
2012-07-11,-0.23459386825561523,3.4
2012-07-12,-0.12826935052871705,2.6
2012-07-13,0.2810495734214783,2.6
2012-07-14,0.0,2.0
2012-07-15,0.0855577786763509,2.6666666666666665
2012-07-16,-0.30101717710494996,3.6
2012-07-17,-0.07063914537429809,2.2
2012-07-18,0.13757318258285522,2.6
2012-07-19,0.2675376534461975,4.5
2012-07-20,0.31481376886367796,2.0
2012-07-22,0.0,2.0
2012-07-23,0.00986248254776001,2.8
2012-07-24,0.12689249515533446,3.6
2012-07-25,0.12014398574829102,2.8
2012-07-26,-0.13703505992889403,2.2
2012-07-27,0.5108097791671753,3.5
2012-07-29,0.5732487887144089,3.5
2012-07-30,0.3278282880783081,2.4
2012-07-31,0.186021888256073,2.4
2012-08-01,0.07554279565811158,2.6
2012-08-02,0.022144269943237305,3.8
2012-08-03,0.14589242935180663,5.4
2012-08-04,-0.34894356727600095,2.4
2012-08-05,-0.33245404362678527,3.2
2012-08-06,-0.02697588801383972,2.0
2012-08-07,-0.371238648891449,2.4
2012-08-08,-0.3126305818557739,3.2
2012-08-09,0.35488198399543763,2.6
2012-08-10,0.15571448802947999,2.0
2012-08-11,0.139733624458313,2.2
2012-08-12,0.4065968096256256,2.0
2012-08-13,-0.4031936526298523,2.0
2012-08-14,0.02287592887878418,2.8
2012-08-15,-0.14087381958961487,2.2
2012-08-16,-0.01984255909919739,2.0
2012-08-17,0.06498273611068725,3.0
2012-08-18,-0.41384204626083376,3.4
2012-08-19,-0.41254758834838867,2.0
2012-08-20,-0.017257606983184813,3.4
2012-08-21,-0.4290802478790283,4.6
2012-08-22,0.08622021675109863,2.8
2012-08-23,0.004477238655090332,3.0
2012-08-24,-0.26760789155960085,3.2
2012-08-25,-0.34077225923538207,3.6
2012-08-26,0.0,2.0
2012-08-27,-0.16691873073577881,3.0
2012-08-29,0.763444447517395,2.6
2012-08-30,0.0,3.0
2012-08-31,0.4683353900909424,4.5
2012-09-02,0.5199811458587646,2.0
2012-09-04,-0.595581305027008,2.6
2012-09-05,-0.21922253370285033,4.0
2012-09-06,0.03375717401504517,3.2
2012-09-07,0.0027809619903564455,2.8
2012-09-08,0.0,2.0
2012-09-11,-0.132506263256073,2.0
2012-09-12,0.13943557739257811,2.4
2012-09-13,0.15893062353134155,2.8
2012-09-14,0.03394128084182739,2.4
2012-09-15,0.6430758595466614,2.4
2012-09-17,0.9428315758705139,3.0
2012-09-18,-0.29494403302669525,2.5
2012-09-19,0.24632136027018228,2.3333333333333335
2012-09-20,-0.6081381440162659,2.0
2012-09-21,-0.44575911164283755,2.6
2012-09-22,0.04267423152923584,2.8
2012-09-24,0.13669267296791077,2.0
2012-09-25,0.0,2.0
2012-09-26,0.41631263494491577,3.0
2012-09-27,-0.3033704400062561,2.6
2012-09-29,0.29793453216552734,3.3333333333333335
2012-09-30,-0.6963449120521545,4.0
2012-10-01,0.0,2.5
2012-10-02,0.0,4.666666666666667
2012-10-03,0.47358599305152893,3.0
2012-10-04,-0.04511761665344238,3.3333333333333335
2012-10-05,0.7333661317825317,2.0
2012-10-06,0.0,2.0
2012-10-08,0.36180177330970764,2.0
2012-10-09,0.012917399406433105,2.0
2012-10-10,0.022988816102345783,2.3333333333333335
2012-10-11,0.12905606627464294,3.0
2012-10-12,-0.9200286567211151,6.0
2012-10-13,0.39055201411247253,2.0
2012-10-14,0.4090602993965149,2.5
2012-10-15,-0.33758159875869753,3.6
2012-10-16,0.6544093787670135,2.0
2012-10-17,-0.35632815957069397,2.0
2012-10-18,0.0,3.0
2012-10-19,0.0,4.0
2012-10-21,0.0,2.0
2012-10-22,0.0,3.0
2012-10-23,0.0,2.3333333333333335
2012-10-24,-0.6479253172874451,2.0
2012-10-25,-0.16063186526298523,6.25
2012-10-26,-0.3222878575325012,3.0
2012-10-27,0.1745432416598002,2.3333333333333335
2012-10-30,-0.6809741854667664,2.0
2012-10-31,0.0,2.0
2012-11-06,0.9607658386230469,2.0
2012-11-08,-0.139832004904747,2.75
2012-11-11,-0.027057190736134846,3.0
2012-11-12,0.0,2.0
2012-11-13,-0.13722053170204163,2.5
2012-11-14,0.2443084716796875,2.0
2012-11-15,-0.13575085997581482,2.0
2012-11-16,0.03445917367935181,3.2
2012-11-17,0.30830591917037964,2.3333333333333335
2012-11-20,-0.9656311869621277,4.0
2012-11-24,-0.5780315697193146,3.0
2012-11-26,0.0,2.0
2012-11-27,-0.28479162851969403,4.0
2012-11-28,-0.2960141897201538,2.6
2012-11-29,0.18696086406707763,3.0
2012-11-30,-0.3049370527267456,2.6
2012-12-06,-0.3173146605491638,2.2
2012-12-07,0.18580732742945352,6.0
2012-12-08,-0.4420631527900696,4.5
2012-12-09,-0.5089819431304932,2.0
2012-12-10,-0.5168389081954956,2.0
2012-12-12,0.4545998275279999,3.0
2012-12-18,-0.4801056981086731,2.0
2012-12-19,-0.3015571355819702,2.6
2012-12-20,-0.2517747938632965,2.0
2012-12-21,-0.8320557475090027,2.0
2012-12-25,-0.5593930929899216,2.5
2012-12-26,-0.6610259413719177,2.0
2012-12-27,0.37661442160606384,3.5
2012-12-29,-0.1727515459060669,2.3333333333333335
2012-12-31,-0.33571377396583557,2.0
2013-01-07,0.8809283971786499,2.0
2013-01-08,-0.6892630457878113,5.0
2013-01-09,0.47459447383880615,3.0
2013-01-10,0.0,3.0
2013-01-16,0.5193964242935181,3.2
2013-01-17,-0.578406286239624,6.0
2013-01-18,-0.440185546875,2.2
2013-01-20,0.0,2.0
2013-01-21,0.15866931279500326,6.666666666666667
2013-01-22,-0.28517147302627566,2.6
2013-01-23,0.28347659707069395,3.2
2013-01-24,-0.13429045677185059,2.8
2013-01-25,0.3003443777561188,2.0
2013-01-27,0.09379310607910156,2.4
2013-01-28,0.9299746751785278,2.0
2013-01-29,0.13308151066303253,2.0
2013-01-30,0.08147841691970825,2.0
2013-01-31,-0.27759088277816774,2.6
2013-02-01,-0.1376315951347351,3.0
2013-02-02,-0.0794947862625122,3.2
2013-02-03,0.0,6.0
2013-02-04,-0.8070721328258514,3.0
2013-02-05,0.7559805512428284,3.0
2013-02-06,-0.49328938126564026,3.0
2013-02-09,-0.14332849979400636,5.4
2013-02-10,0.0,3.6666666666666665
2013-02-11,-0.10056785345077515,3.2
2013-02-12,-0.7206557393074036,2.0
2013-02-13,-0.6221452951431274,2.0
2013-02-14,0.0,3.0
2013-02-15,-0.1905118703842163,2.4
2013-02-17,-0.5868138074874878,3.0
2013-02-19,-0.6299428641796112,2.5
2013-02-20,-0.48783427476882935,2.0
2013-02-21,0.2212119698524475,2.6666666666666665
2013-02-22,-0.018265515565872192,2.5
2013-02-23,-0.0973899781703949,4.8
2013-02-24,0.9048004150390625,2.0
2013-02-28,0.0,2.0
2013-03-01,-0.2612918019294739,2.0
2013-03-03,0.0,2.0
2013-03-05,0.025592601299285887,2.0
2013-03-06,0.6881042122840881,2.0
2013-03-07,-0.0034633994102478026,2.0
2013-03-08,0.0,2.0
2013-03-10,-0.48907965421676636,2.0
2013-03-11,0.6268672347068787,3.0
2013-03-13,-0.3934938460588455,3.5
2013-03-14,-0.03720453977584839,2.4
2013-03-15,0.0,3.0
2013-03-18,-0.0831511914730072,8.5
2013-03-19,0.03618069887161255,7.4
2013-03-20,0.3741520841916402,2.0
2013-03-24,0.0,3.0
2013-03-25,0.15506381392478943,2.0
2013-03-27,0.0,2.0
2013-03-30,0.0,2.0
2013-03-31,0.09321239590644836,3.0
2013-04-01,0.0,3.0
2013-04-02,0.6180093288421631,2.6666666666666665
2013-04-03,0.5143788059552511,2.0
2013-04-04,0.37026429176330566,2.5
2013-04-05,-0.20618870854377747,5.5
2013-04-08,0.4468915820121765,2.6
2013-04-09,0.0,2.0
2013-04-10,0.0665971279144287,2.4
2013-04-11,0.46884440183639525,2.2
2013-04-12,-0.0016944209734598796,2.3333333333333335
2013-04-15,0.11091402769088746,2.6
2013-04-16,-0.13255389928817748,2.0
2013-04-17,-0.29396235942840576,2.0
2013-04-18,0.06530765295028687,2.2
2013-04-19,0.9761285185813904,2.0
2013-04-24,0.4052733927965164,2.0
2013-04-25,0.0,3.0
2013-04-26,0.0,2.25
2013-04-27,0.0,2.0
2013-04-29,0.26992039382457733,2.75
2013-04-30,0.014759838581085205,2.0
2013-05-01,0.1992010474205017,2.25
2013-05-02,-0.21284820437431334,3.4
2013-05-03,-0.34335339069366455,2.0
2013-05-06,0.1931143283843994,3.0
2013-05-07,0.9156101942062378,2.0
2013-05-08,0.06783415079116821,2.4
2013-05-09,0.37450623512268066,2.4
2013-05-10,0.28473556637763975,3.2
2013-05-11,-0.08426346182823181,4.8
2013-05-12,-0.3504578173160553,2.75
2013-05-13,-0.18675153255462645,2.6
2013-05-14,-0.11811367273330689,2.6
2013-05-15,-0.1902515172958374,3.4
2013-05-16,-0.422098308801651,2.5
2013-05-17,0.6984370052814484,2.25
2013-05-18,0.16746607422828674,2.25
2013-05-19,0.407568621635437,2.0
2013-05-20,0.18374836444854736,2.0
2013-05-21,-0.05626896619796753,2.4
2013-05-22,-0.15637022852897645,2.2
2013-05-23,0.1407128393650055,2.0
2013-05-24,-0.5042002201080322,2.0
2013-05-28,-0.062290513515472413,3.2
2013-05-29,0.16971031427383423,2.4
2013-05-30,0.2124461531639099,6.4
2013-05-31,0.5105920135974884,4.0
2013-06-01,-0.17777526378631592,3.6666666666666665
2013-06-02,-0.06786257028579712,2.5
2013-06-03,-0.2788069248199463,2.5
2013-06-04,0.03978881239891052,2.6
2013-06-05,-0.43169257044792175,3.0
2013-06-06,0.018817543983459473,2.4
2013-06-07,-0.16002570390701293,2.4
2013-06-08,0.0,2.6666666666666665
2013-06-09,0.11180469989776612,2.8
2013-06-10,0.26431448459625245,2.2
2013-06-11,0.11123909950256347,2.6
2013-06-12,-0.10127277374267578,2.4
2013-06-13,0.481156325340271,2.2
2013-06-14,-0.025496554374694825,2.2
2013-06-15,0.4867132604122162,4.0
2013-06-16,0.47257802486419676,2.4
2013-06-17,0.05427112579345703,4.8
2013-06-18,-0.06999324560165406,2.4
2013-06-19,0.06721762816111247,2.0
2013-06-20,0.0,3.0
2013-06-21,-0.44549630880355834,3.6
2013-06-22,0.0,2.0
2013-06-23,0.0,3.0
2013-06-26,0.1548482894897461,3.0
2013-06-27,0.09055240154266357,2.2
2013-06-29,-0.496052622795105,2.0
2013-07-01,-0.23077163100242615,3.0
2013-07-02,-0.3562488675117493,2.2
2013-07-03,0.11342707872390748,2.6
2013-07-04,0.8915479779243469,2.0
2013-07-06,-0.019301176071166992,2.6666666666666665
2013-07-08,-0.4589550495147705,2.0
2013-07-09,-0.07223173975944519,2.25
2013-07-10,0.1897641897201538,2.4
2013-07-11,0.058074527978897096,2.4
2013-07-12,0.16898339986801147,2.2
2013-07-13,0.1812284469604492,2.6
2013-07-14,0.9600404500961304,3.0
2013-07-15,0.09899266958236694,2.4
2013-07-16,-0.03361475467681885,4.6
2013-07-17,-0.04013045430183411,2.4
2013-07-18,0.15317115783691407,2.8
2013-07-19,0.38035696744918823,4.2
2013-07-20,0.0,3.0
2013-07-21,0.27572986483573914,2.0
2013-07-22,-0.49540527661641437,2.6666666666666665
2013-07-23,0.11595839262008667,2.5
2013-07-24,0.3016101837158203,2.4
2013-07-25,0.10423823595046997,2.6
2013-07-26,-0.3359857678413391,3.2
2013-07-27,-0.2497287631034851,3.6
2013-07-28,0.0,3.0
2013-07-29,0.05569528341293335,2.8
2013-07-30,0.17726730108261107,2.4
2013-07-31,0.25610755681991576,2.2
2013-08-01,0.1998453140258789,4.0
2013-08-02,0.11036286354064942,2.4
2013-08-03,0.0596469521522522,2.2
2013-08-05,0.0705337643623352,3.2
2013-08-06,-0.6062588453292846,3.4
2013-08-07,0.08118236064910889,3.8
2013-08-08,0.2709721565246582,2.2
2013-08-09,0.0,2.0
2013-08-11,-0.6374952793121338,2.0
2013-08-12,-0.0015038132667541503,2.2
2013-08-13,-0.1497506856918335,2.4
2013-08-14,0.22936439514160156,3.4
2013-08-15,0.0,3.0
2013-08-16,0.7010744214057922,2.0
2013-08-19,0.307222455739975,5.5
2013-08-20,-0.6108481287956238,3.0
2013-08-22,0.27379995584487915,12.0
2013-08-23,-0.10919642448425293,3.0
2013-08-27,0.0,14.0
2013-08-28,-0.28229351043701173,2.6
2013-08-29,-0.06427007913589478,3.75
2013-08-30,-0.09932982921600342,2.5
2013-08-31,-0.21247902512550354,4.5
2013-09-01,-0.6049399375915527,4.666666666666667
2013-09-03,0.0,2.0
2013-09-04,-0.1776997148990631,3.2
2013-09-05,-0.2542221426963806,3.0
2013-09-06,0.14312630891799927,2.5
2013-09-09,-0.678001981973648,3.0
2013-09-10,0.36675540208816526,2.2
2013-09-11,0.1886650174856186,2.75
2013-09-12,0.32751805782318116,2.2
2013-09-13,-0.041370856761932376,2.4
2013-09-14,0.8514590263366699,3.0
2013-09-15,-0.42761993408203125,2.0
2013-09-16,-0.24699285626411438,2.0
2013-09-17,0.3276529908180237,2.0
2013-09-18,0.4632050275802612,2.2
2013-09-19,0.313590129216512,2.3333333333333335
2013-09-20,-0.1427634835243225,5.2
2013-09-21,-0.34434072971343993,3.2
2013-09-22,-0.26952632069587706,2.6
2013-09-24,-0.4789042115211487,2.6
2013-09-25,0.041955089569091795,2.2
2013-09-26,-0.13400965929031372,2.6
2013-09-27,0.5799870014190673,2.4
2013-09-28,0.09721074253320694,2.25
2013-09-30,0.020633995532989502,2.6
2013-10-01,0.24784945845603942,3.0
2013-10-02,-0.25100895166397097,2.0
2013-10-03,-0.5056242942810059,3.3333333333333335
2013-10-04,0.3105173230171204,2.0
2013-10-05,-0.33808557987213134,2.4
2013-10-07,0.0,3.0
2013-10-08,0.24134647846221924,2.3333333333333335
2013-10-09,0.02680899699529012,3.0
2013-10-10,-0.12866337299346925,2.4
2013-10-11,0.1730831265449524,4.2
2013-10-14,0.07956512769063313,4.333333333333333
2013-10-15,0.1231887936592102,3.8
2013-10-16,0.01069929003715515,2.2
2013-10-17,0.20208014249801637,3.4
2013-10-18,-0.11149203777313232,5.2
2013-10-19,0.16108455061912536,5.2
2013-10-20,-0.5802223682403564,5.0
2013-10-21,0.023628425598144532,3.0
2013-10-22,0.2529495120048523,2.2
2013-10-23,-0.17960911989212036,3.0
2013-10-24,0.2310182809829712,4.0
2013-10-25,-0.14549930095672609,2.2
2013-10-26,-0.4444936513900757,3.2
2013-10-27,-0.5276087522506714,5.5
2013-10-28,0.0,2.2
2013-10-29,0.4239269644021988,3.5
2013-10-30,-0.09898585081100464,2.0
2013-10-31,-0.6226102232933044,3.8
2013-11-01,-0.40480751991271974,2.8
2013-11-02,-0.004308834671974182,4.75
2013-11-04,0.3615985631942749,3.0
2013-11-05,-0.26649988889694215,2.6
2013-11-06,0.16811095476150512,2.2
2013-11-07,-0.3652969002723694,2.0
2013-11-08,-0.04944014549255371,3.8
2013-11-11,0.20649944245815277,2.25
2013-11-12,0.14447766542434692,3.2
2013-11-13,-0.6117085814476013,2.4
2013-11-14,-0.26693143844604494,2.2
2013-11-15,-0.02581050992012024,2.8
2013-11-16,-0.0762179970741272,2.2
2013-11-17,-0.26313328742980957,2.0
2013-11-18,0.2840846538543701,2.2
2013-11-19,0.3558475494384766,2.4
2013-11-20,-0.2943930149078369,7.2
2013-11-21,-0.5960445046424866,7.8
2013-11-22,-0.06602593660354614,4.4
2013-11-23,-0.0841103196144104,2.2
2013-11-24,-0.42797982692718506,5.2
2013-11-25,-0.3555320739746094,3.2
2013-11-26,0.0,3.2
2013-11-27,-0.1932888150215149,3.4
2013-11-28,-0.2985797882080078,2.6
2013-11-29,0.0,4.0
2013-11-30,-0.9521977305412292,2.0
2013-12-01,-0.18677608966827391,2.4
2013-12-02,0.09261806607246399,18.2
2013-12-03,0.23155862092971802,8.0
2013-12-04,-0.2704256296157837,2.6
2013-12-05,-0.29512045383453367,5.2
2013-12-06,0.09607034921646118,2.4
2013-12-07,-0.1206964135169983,2.8
2013-12-08,0.6276094714800516,2.3333333333333335
2013-12-09,-0.23278567790985108,2.8
2013-12-10,-0.283210301399231,4.6
2013-12-11,0.19238966703414917,3.2
2013-12-12,0.3108802795410156,3.2
2013-12-13,0.510391092300415,3.0
2013-12-14,0.28252124786376953,3.0
2013-12-15,-0.009943413734436034,3.2
2013-12-16,-0.40565909147262574,2.6
2013-12-17,-0.1363962173461914,3.8
2013-12-18,-0.08447269201278687,2.0
2013-12-19,0.054753577709198,2.2
2013-12-20,0.06986312866210938,2.8
2013-12-21,-0.1260353922843933,2.2
2013-12-22,-0.4204658269882202,3.6666666666666665
2013-12-23,0.21240084171295165,2.2
2013-12-24,0.3572674334049225,3.0
2013-12-25,-0.09886852502822877,2.8
2013-12-26,-0.01909024715423584,3.8
2013-12-27,0.133574378490448,3.0
2013-12-28,-0.3009606719017029,4.6
2013-12-29,-0.4982455223798752,2.5
2013-12-30,0.49879037141799926,2.0
2013-12-31,0.24234354496002197,3.0
2014-01-01,0.2865865588188171,3.8
2014-01-02,-0.356537401676178,2.8
2014-01-03,-0.30755813121795655,3.0
2014-01-04,0.08246500492095947,2.2
2014-01-05,-0.1880957841873169,2.2
2014-01-06,-0.3332363724708557,4.0
2014-01-07,0.3285963773727417,2.0
2014-01-08,0.07389947175979614,3.6
2014-01-09,-0.12314971685409545,3.0
2014-01-10,0.0076143860816955565,2.4
2014-01-11,-0.17590317726135254,3.2
2014-01-12,0.16240492463111877,3.8
2014-01-13,-0.26058757305145264,3.8
2014-01-14,0.03941214084625244,7.8
2014-01-15,0.04926732778549194,4.4
2014-01-16,-0.08162822723388671,2.2
2014-01-17,-0.08379111886024475,2.8
2014-01-18,-0.08660693168640136,2.0
2014-01-19,0.07693320512771606,3.0
2014-01-20,-0.29873123168945315,2.2
2014-01-21,-0.0646635890007019,2.4
2014-01-22,-0.18687009811401367,2.6
2014-01-23,-0.03612195253372193,2.6
2014-01-24,0.049996447563171384,9.0
2014-01-25,0.10433993339538575,2.4
2014-01-26,-0.2276702880859375,3.4
2014-01-27,-0.2530092716217041,4.8
2014-01-28,-0.020235502719879152,2.4
2014-01-29,0.01619046926498413,2.4
2014-01-30,0.21716749668121338,3.8
2014-01-31,0.04065347909927368,2.4
2014-02-01,-0.02290022373199463,5.0
2014-02-02,-0.12418125867843628,2.6
2014-02-03,0.20169225931167603,2.2
2014-02-04,-0.18928691148757934,2.2
2014-02-05,0.02194324731826782,5.4
2014-02-06,-0.5481813669204711,5.2
2014-02-07,-0.17971081733703614,2.6
2014-02-08,-0.2683966040611267,2.6
2014-02-09,-0.49557672142982484,9.8
2014-02-10,-0.03146052360534668,2.2
2014-02-11,-0.30240702629089355,3.4
2014-02-12,-0.22260967493057252,2.2
2014-02-13,-0.5595182418823242,2.8
2014-02-14,-0.13944850564002992,2.8
2014-02-15,0.1861393928527832,3.2
2014-02-16,-0.13779382705688475,2.0
2014-02-17,0.22116881608963013,6.2
2014-02-18,0.3190146565437317,3.8
2014-02-19,-0.19019001126289367,3.2
2014-02-20,-0.22384711503982543,3.4
2014-02-21,0.8714125514030456,2.4
2014-02-22,0.20820281505584717,4.8
2014-02-23,-0.33670427799224856,3.2
2014-02-24,-0.11180311441421509,4.6
2014-02-25,-0.1075708031654358,2.6
2014-02-26,0.020041072368621828,3.0
2014-02-27,0.1397926926612854,2.4
2014-02-28,0.35836062431335447,4.8
2014-03-01,0.5583985090255738,2.6
2014-03-02,-0.07796677350997924,2.8
2014-03-03,0.3452941536903381,2.4
2014-03-04,0.6877334475517273,2.8
2014-03-05,-0.2726582407951355,3.4
2014-03-06,0.0,2.2
2014-03-07,0.007510244846343994,3.0
2014-03-08,0.0,3.2
2014-03-09,0.0,2.4
2014-03-10,0.2917407214641571,4.8
2014-03-11,-0.21714515686035157,3.2
2014-03-12,0.19104427099227905,2.6
2014-03-13,-0.21496052742004396,2.4
2014-03-14,0.2180118441581726,3.0
2014-03-15,0.4961604714393616,2.2
2014-03-16,0.06863257884979249,2.2
2014-03-17,-0.2536911129951477,5.0
2014-03-18,-0.539691710472107,2.2
2014-03-19,0.35274438858032225,3.0
2014-03-20,-0.15705751180648803,2.4
2014-03-21,0.013312715291976928,2.2
2014-03-22,-0.034431636333465576,2.5
2014-03-23,0.3518154174089432,5.75
2014-03-24,-0.4221650242805481,2.2
2014-03-25,-0.1095343828201294,4.0
2014-03-26,0.1627377152442932,2.4
2014-03-27,-0.1617993712425232,3.2
2014-03-28,-0.36901490688323973,6.6
2014-03-29,-0.007524514198303222,3.2
2014-03-30,0.0665102481842041,2.2
2014-03-31,-0.002668285369873047,2.4
2014-04-01,0.20943470001220704,3.2
2014-04-02,0.5422032713890076,2.4
2014-04-03,-0.19005037546157838,3.6
2014-04-04,-0.4150207042694092,2.8
2014-04-05,-0.08490054607391358,5.4
2014-04-06,-0.36856918334960936,2.8
2014-04-07,-0.29905861616134644,6.6
2014-04-08,-0.1977096438407898,5.2
2014-04-09,-0.35798585414886475,2.8
2014-04-10,-0.5449261546134949,5.2
2014-04-11,-0.08627173900604249,2.4
2014-04-12,-0.14698022603988647,2.8
2014-04-13,0.19623347520828247,5.8
2014-04-14,-0.3449155390262604,7.6
2014-04-15,-0.023673176765441895,2.0
2014-04-16,0.6561332702636719,5.6
2014-04-17,-0.017947745323181153,4.2
2014-04-18,-0.1498010277748108,4.2
2014-04-19,-0.10052554607391358,2.8
2014-04-20,-0.4541712999343872,10.8
2014-04-21,0.13000743389129638,3.4
2014-04-22,0.046012592315673825,2.6
2014-04-23,-0.23897857666015626,2.6
2014-04-24,0.0008430242538452149,3.4
2014-04-25,0.17958920001983641,2.8
2014-04-26,-0.3229276180267334,2.0
2014-04-27,-0.36774271726608276,2.0
2014-04-28,-0.11162798404693604,3.4
2014-04-29,0.01392272710800171,3.0
2014-04-30,0.1954747438430786,3.2
2014-05-01,-0.09752623438835144,3.4
2014-05-02,-0.11619962453842163,2.2
2014-05-03,0.05302923917770386,2.4
2014-05-05,-0.1723996639251709,5.0
2014-05-06,-0.21920305490493774,4.4
2014-05-07,-0.39368308782577516,4.0
2014-05-08,-0.27103419303894044,5.4
2014-05-09,-0.15217525362968445,3.6
2014-05-10,-0.38572338223457336,3.0
2014-05-11,0.37389108538627625,2.5
2014-05-12,-0.0010121583938598633,3.0
2014-05-13,0.0,5.2
2014-05-14,0.0844205379486084,2.2
2014-05-15,-0.6148324370384216,2.8
2014-05-16,0.05185192823410034,2.6
2014-05-17,-0.22743821144104004,2.8
2014-05-18,-0.2609916925430298,4.333333333333333
2014-05-19,0.1255896806716919,2.4
2014-05-20,-0.09427393674850464,4.0
2014-05-21,-0.17351146936416625,3.0
2014-05-22,0.14964281916618347,2.4
2014-05-23,0.13454809188842773,2.8
2014-05-24,0.03408076763153076,2.4
2014-05-25,-0.06219074726104736,2.0
2014-05-26,-0.25733216404914855,2.4
2014-05-27,-0.1894201397895813,2.8
2014-05-28,-0.20879569053649902,2.6
2014-05-29,0.27959887981414794,6.2
2014-05-30,0.04347096681594849,3.2
2014-05-31,-0.26509990692138674,2.8
2014-06-02,-0.013660120964050292,2.6
2014-06-03,-0.06445075273513794,2.6
2014-06-04,0.0016641020774841309,2.6
2014-06-05,-0.27962230443954467,2.8
2014-06-06,0.23748787641525268,2.2
2014-06-07,0.29226562976837156,2.0
2014-06-08,0.29373370856046677,2.0
2014-06-09,0.33474714756011964,3.2
2014-06-10,-0.4422955334186554,3.8
2014-06-11,-0.2665045976638794,3.2
2014-06-12,-0.28618267774581907,2.8
2014-06-13,0.06245113611221313,2.4
2014-06-15,-0.19452530145645142,6.8
2014-06-16,0.5361438155174255,3.4
2014-06-17,0.30351221561431885,2.0
2014-06-18,0.09632753133773804,3.4
2014-06-19,0.1757385551929474,3.0
2014-06-20,0.07762603759765625,3.4
2014-06-21,0.278764009475708,2.4
2014-06-22,0.05060102939605713,3.0
2014-06-23,-0.23118861317634581,2.4
2014-06-24,0.11194689273834228,4.8
2014-06-25,0.008787417411804199,2.8
2014-06-26,0.37402470111846925,2.2
2014-06-27,0.15129650831222535,2.6
2014-06-28,0.17594009637832642,3.0
2014-06-29,-0.24970277547836303,3.2
2014-06-30,0.02839064598083496,2.2
2014-07-01,0.6093911409378052,2.4
2014-07-02,-0.3884527087211609,2.2
2014-07-03,-0.5191245675086975,4.4
2014-07-04,-0.15196460485458374,3.0
2014-07-05,0.829092264175415,2.0
2014-07-06,0.9178169965744019,3.0
2014-07-07,-0.11827201843261718,2.4
2014-07-08,-0.12963855266571045,2.2
2014-07-09,0.4293902277946472,2.2
2014-07-10,0.22963203191757203,2.2
2014-07-11,-0.3429029703140259,2.2
2014-07-12,-0.22719266017278036,2.3333333333333335
2014-07-13,0.0,5.0
2014-07-14,0.0,2.6
2014-07-15,-0.003561663627624512,7.0
2014-07-16,-0.3163598895072937,6.4
2014-07-17,-0.06066834330558777,3.2
2014-07-18,-0.18042014837265014,4.0
2014-07-19,0.029607462882995605,3.2
2014-07-20,-0.11405233542124431,2.6666666666666665
2014-07-21,0.012500059604644776,3.2
2014-07-22,-0.39715092778205874,2.2
2014-07-23,-0.03125762939453125,2.6
2014-07-24,0.30338277816772463,2.4
2014-07-25,0.08191071748733521,2.6
2014-07-26,0.0,2.5
2014-07-27,-0.777317464351654,3.0
2014-07-28,0.47533050179481506,2.0
2014-07-29,-0.08815982341766357,3.2
2014-07-30,-0.05123997330665588,3.4
2014-07-31,0.197609806060791,3.0
2014-08-01,0.0,6.0
2014-08-04,0.0,2.0
2014-08-06,0.5366995135943095,3.3333333333333335
2014-08-07,0.2248983860015869,3.8
2014-08-08,0.15388011932373047,2.0
2014-08-09,-0.1745599309603373,2.3333333333333335
2014-08-10,0.7407126426696777,2.0
2014-08-11,-0.1002657175064087,2.2
2014-08-12,-0.23618663847446442,2.75
2014-08-13,-0.052237510681152344,2.25
2014-08-14,0.5213001847267151,2.6
2014-08-15,0.024947547912597658,2.4
2014-08-16,0.6367339968681336,2.2
2014-08-17,0.40213576555252073,4.8
2014-08-18,-0.06262900829315185,2.2
2014-08-19,-0.10874317288398742,2.4
2014-08-20,0.13275729417800902,4.6
2014-08-21,-0.08473297953605652,2.0
2014-08-22,0.13035377860069275,2.0
2014-08-23,0.3270491361618042,2.0
2014-08-24,0.2998130559921265,9.4
2014-08-25,-0.2406414270401001,3.2
2014-08-26,0.33736860752105713,2.6
2014-08-27,-0.17507047653198243,3.0
2014-08-28,-0.1084180235862732,2.0
2014-08-29,0.6922112226486206,2.2
2014-08-30,-0.023554325103759766,2.4
2014-08-31,-0.12592720985412598,2.0
2014-09-02,0.1815003514289856,3.6
2014-09-03,0.14171231389045716,2.4
2014-09-04,-0.2722394347190857,4.2
2014-09-05,-0.33177515864372253,2.8
2014-09-06,0.09749039411544799,5.8
2014-09-07,-0.1895974636077881,4.0
2014-09-08,-0.15545257329940795,2.2
2014-09-09,0.21333640217781066,4.0
2014-09-10,0.06681292057037354,4.0
2014-09-11,0.05131740570068359,3.0
2014-09-12,-0.1432724714279175,4.2
2014-09-13,-0.015143013000488282,2.8
2014-09-14,-0.24456968903541565,2.4
2014-09-15,0.25135624408721924,4.0
2014-09-16,-0.09619861841201782,2.4
2014-09-17,-0.0475496768951416,2.4
2014-09-18,-0.05004342794418335,4.4
2014-09-19,-0.11144778728485108,2.2
2014-09-20,-0.7668822407722473,2.0
2014-09-21,-0.13789615035057068,3.75
2014-09-22,0.028058183193206788,2.2
2014-09-23,0.3651749849319458,3.6
2014-09-24,0.15483137369155883,3.6
2014-09-25,0.09887838363647461,2.0
2014-09-26,0.5172632455825805,2.8
2014-09-27,0.6646003961563111,3.6
2014-09-28,-0.28868724405765533,2.25
2014-09-29,0.2860828161239624,3.2
2014-09-30,-0.08396009206771851,3.6
2014-10-01,0.0,3.0
2014-10-02,0.11808624267578124,4.4
2014-10-03,0.3121070027351379,2.8
2014-10-04,-0.051636767387390134,4.0
2014-10-05,0.19065146446228026,2.0
2014-10-06,-0.5440785408020019,3.4
2014-10-07,0.3042667984962463,9.8
2014-10-08,-0.027971339225769044,2.2
2014-10-09,-0.23961132764816284,2.6
2014-10-10,-0.23907192945480346,2.8
2014-10-11,-0.42958745956420896,2.6
2014-10-12,-0.10359028577804566,4.2
2014-10-13,0.045457851886749265,3.2
2014-10-14,0.1719752073287964,3.6
2014-10-15,-0.41955705881118777,3.6
2014-10-16,0.608324658870697,3.0
2014-10-17,-0.3316196322441101,2.6
2014-10-18,0.1323549270629883,4.4
2014-10-19,-0.3625550985336304,6.6
2014-10-20,0.17747466564178466,2.2
2014-10-21,-0.25460338592529297,2.8
2014-10-22,0.1326868176460266,2.0
2014-10-23,-0.04605435132980347,3.0
2014-10-24,-0.12042680382728577,2.6
2014-10-25,0.5935264627138773,5.0
2014-10-26,-0.028205978870391845,6.4
2014-10-27,-0.48145527243614195,2.6
2014-10-28,-0.01819361448287964,2.4
2014-10-29,0.5410163640975952,4.0
2014-10-30,0.08873070478439331,2.2
2014-10-31,-0.36993197202682493,2.2
2014-11-01,-0.14483572244644166,6.8
2014-11-02,-0.32963500916957855,2.0
2014-11-03,-0.4365161180496216,5.4
2014-11-04,-0.3279345750808716,2.4
2014-11-05,0.029848253726959227,2.6
2014-11-06,-0.08182823657989502,3.2
2014-11-07,0.15594284534454345,3.6
2014-11-08,0.040004074573516846,2.6
2014-11-09,-0.326483815908432,2.0
2014-11-10,0.21256946325302123,3.2
2014-11-11,0.1742508053779602,3.0
2014-11-12,-0.13397995233535767,3.6
2014-11-13,-0.03313144445419312,2.8
2014-11-14,-0.31190412044525145,2.2
2014-11-15,-0.25789355039596557,2.2
2014-11-16,0.2542120456695557,2.2
2014-11-17,0.14812133312225342,3.0
2014-11-18,-0.0747868299484253,4.4
2014-11-19,0.05081586241722107,3.2
2014-11-20,-0.4106084585189819,3.4
2014-11-21,0.30243319272994995,2.2
2014-11-22,-0.09147564172744752,2.2
2014-11-23,0.4102231562137604,2.0
2014-11-24,0.14457886219024657,2.8
2014-11-25,-0.20682960748672485,4.4
2014-11-26,0.11861844062805176,5.6
2014-11-27,0.12793123722076416,4.2
2014-11-28,0.0857615351676941,3.2
2014-11-29,0.1925322711467743,3.0
2014-11-30,-0.38006559014320374,5.5
2014-12-01,-0.02914760112762451,5.6
2014-12-02,0.251661604642868,3.0
2014-12-03,-0.1330618977546692,5.4
2014-12-04,-0.09840349555015564,2.6
2014-12-05,-0.17525310516357423,6.4
2014-12-06,-0.3003626863161723,2.0
2014-12-07,0.0,2.0
2014-12-08,-0.0006695866584777832,6.6
2014-12-09,-0.08855060338974,5.8
2014-12-10,0.058766615390777585,2.4
2014-12-11,-0.03066678047180176,3.0
2014-12-12,0.1820754051208496,3.0
2014-12-13,-0.4663344740867615,3.8
2014-12-14,-0.2758471488952637,3.6
2014-12-15,-0.046219050884246826,2.2
2014-12-16,-0.07068089246749878,4.2
2014-12-17,0.08894898295402527,14.6
2014-12-18,-0.2326669692993164,8.4
2014-12-19,0.16601548194885254,2.2
2014-12-20,-0.095380038022995,2.5
2014-12-21,-0.1882774591445923,3.2
2014-12-22,0.0,2.2
2014-12-23,0.06127679944038391,5.0
2014-12-24,-0.3061423659324646,4.4
2014-12-25,0.07779908180236816,3.6
2014-12-26,-0.4712551414966583,3.4
2014-12-27,-0.10172381401062011,2.8
2014-12-28,0.0,2.0
2014-12-29,-0.01730616092681885,2.4
2014-12-30,-0.009748965501785278,2.0
2014-12-31,0.2085811972618103,2.2
2015-01-01,0.2814365029335022,2.0
2015-01-02,-0.29404101371765134,5.0
2015-01-03,-0.0002623319625854492,3.8
2015-01-04,0.1037947654724121,3.0
2015-01-05,0.12604092359542846,2.2
2015-01-06,-0.09879332184791564,3.2
2015-01-07,-0.13087215423583984,2.8
2015-01-08,0.0,2.8
2015-01-09,0.12570593357086182,3.0
2015-01-10,-0.16971662044525146,2.4
2015-01-11,0.1991029143333435,10.4
2015-01-12,0.46775485277175904,4.0
2015-01-13,-0.467235791683197,4.2
2015-01-14,0.0668634057044983,4.2
2015-01-15,-0.3670331597328186,3.0
2015-01-16,-0.5270882487297058,3.2
2015-01-17,-0.5583529114723206,5.0
2015-01-18,-0.4055126547813416,3.8
2015-01-19,-0.1806143879890442,4.2
2015-01-20,0.29004318714141847,8.4
2015-01-21,-0.587428069114685,2.2
2015-01-22,-0.007862520217895509,5.6
2015-01-23,-0.3198689103126526,5.8
2015-01-24,-0.49378308057785036,3.0
2015-01-25,-0.30346384048461916,6.0
2015-01-26,-0.12117730379104615,3.0
2015-01-27,-0.2277262330055237,5.0
2015-01-28,-0.44087427854537964,7.0
2015-01-29,0.3204235196113586,2.8
2015-01-30,-0.022514724731445314,4.8
2015-01-31,-0.19265836477279663,3.4
2015-02-01,0.0,7.333333333333333
2015-02-02,-0.7010589003562927,6.8
2015-02-03,-0.6327216148376464,2.4
2015-02-04,-0.00249176025390625,5.6
2015-02-05,0.09078053236007691,4.0
2015-02-06,0.04503840208053589,6.0
2015-02-07,-0.15694273710250856,2.2
2015-02-08,-0.0738060474395752,4.6
2015-02-09,0.3550866723060608,4.8
2015-02-10,0.3005917191505432,3.0
2015-02-11,-0.3738748550415039,2.8
2015-02-12,-0.1891635537147522,15.0
2015-02-13,-0.31324799060821534,6.8
2015-02-14,-0.2811248302459717,3.0
2015-02-15,-0.4148304224014282,3.4
2015-02-16,-0.3120245337486267,2.4
2015-02-17,-0.23475214838981628,2.4
2015-02-18,0.011333298683166505,2.2
2015-02-19,-0.276944625377655,4.4
2015-02-20,-0.08656183481216431,3.4
2015-02-21,-0.4676273941993713,3.0
2015-02-22,-0.06982005834579467,3.8
2015-02-23,0.02763388752937317,2.6
2015-02-24,0.33806896209716797,2.2
2015-02-25,-0.0786927580833435,2.6
2015-02-26,0.15651942491531373,2.8
2015-02-27,0.1617034912109375,2.8
2015-02-28,-0.3067746639251709,3.2
2015-03-01,-0.08794699907302857,4.6
2015-03-02,-0.3298534631729126,3.4
2015-03-03,-0.32633017301559447,4.4
2015-03-04,-0.4166004776954651,3.4
2015-03-05,-0.15091641545295714,2.2
2015-03-06,-0.0010860204696655274,5.0
2015-03-07,0.003020244836807251,2.2
2015-03-08,-0.4411869287490845,4.6
2015-03-09,0.05000205039978027,3.4
2015-03-10,-0.059271156787872314,3.4
2015-03-11,-0.021321260929107667,3.2
2015-03-12,-0.0899256408214569,4.0
2015-03-13,0.3058393597602844,3.8
2015-03-14,-0.08135038614273071,3.2
2015-03-15,-0.15746911764144897,3.4
2015-03-16,-0.6529324173927307,5.6
2015-03-17,-0.19007445573806764,2.2
2015-03-18,-0.17404462099075318,8.4
2015-03-19,-0.048220235109329226,7.4
2015-03-20,-0.7361881732940674,4.6
2015-03-21,0.2028442144393921,9.0
2015-03-22,-0.12441567182540894,7.0
2015-03-23,0.06682261228561401,2.6
2015-03-24,0.37459588050842285,2.4
2015-03-25,-0.46151740550994874,4.8
2015-03-26,-0.2984634041786194,3.0
2015-03-27,-0.009224128723144532,2.2
2015-03-28,-0.1050981879234314,2.6
2015-03-29,0.31811392307281494,3.0
2015-03-30,0.01939159631729126,3.2
2015-03-31,-0.503682804107666,4.6
2015-04-01,-0.5083293795585633,3.6
2015-04-02,-0.0905222773551941,5.4
2015-04-03,-0.22298116683959962,3.2
2015-04-04,-0.25778520107269287,5.8
2015-04-05,0.15026363134384155,3.4
2015-04-06,-0.14181517362594603,2.6
2015-04-07,-0.4568004310131073,2.2
2015-04-08,0.21007254123687744,2.4
2015-04-09,-0.38760024309158325,3.6
2015-04-10,0.007953763008117676,2.6
2015-04-11,-0.1302412509918213,2.8
2015-04-12,0.11866089105606079,2.2
2015-04-13,-0.10335949659347535,2.8
2015-04-14,-0.126633358001709,2.4
2015-04-15,0.12464569807052613,3.4
2015-04-16,0.03891823291778564,4.0
2015-04-17,-0.2555239796638489,2.4
2015-04-18,-0.30075663328170776,8.8
2015-04-19,0.13242287635803224,3.8
2015-04-20,-0.014366734027862548,2.6
2015-04-21,-0.3121945023536682,3.2
2015-04-22,-0.2551737666130066,3.8
2015-04-23,0.654021167755127,4.2
2015-04-24,-0.27953453063964845,2.6
2015-04-25,0.014519792795181275,2.4
2015-04-26,-0.1355886936187744,3.0
2015-04-27,-0.05254545211791992,3.4
2015-04-28,-0.2970082759857178,3.8
2015-04-29,-0.1723028302192688,2.8
2015-04-30,-0.37455058097839355,3.2
2015-05-01,-0.10639182329177857,3.2
2015-05-02,-0.0439039945602417,7.4
2015-05-03,-0.4358886003494263,4.6
2015-05-04,-0.12944706678390502,4.6
2015-05-05,-0.1990107536315918,2.2
2015-05-06,-0.27152722477912905,8.0
2015-05-07,-0.4072904348373413,4.4
2015-05-08,0.3520658850669861,6.4
2015-05-09,-0.23714450597763062,7.6
2015-05-10,0.1696736454963684,2.6
2015-05-11,0.49739537239074705,2.0
2015-05-12,0.19233386516571044,9.0
2015-05-13,-0.27070391178131104,7.6
2015-05-14,-0.11782258749008179,2.2
2015-05-15,-0.09185092449188233,3.6
2015-05-16,-0.18360167741775513,5.0
2015-05-17,-0.14279483556747435,5.6
2015-05-18,-0.09976648092269898,2.2
2015-05-19,-0.17329782247543335,4.8
2015-05-20,0.14402760267257692,3.2
2015-05-21,0.0652235746383667,2.4
2015-05-22,-0.35098079442977903,2.2
2015-05-23,-0.16422367095947266,4.6
2015-05-24,0.007023334503173828,5.0
2015-05-25,-0.015729093551635744,5.2
2015-05-26,-0.23102033138275146,3.2
2015-05-27,-0.16151974201202393,3.4
2015-05-28,-0.633094072341919,3.6
2015-05-29,0.1319621682167053,2.8
2015-05-30,-0.28908146023750303,2.6
2015-05-31,0.09534367322921752,2.8
2015-06-01,-0.14066842198371887,2.4
2015-06-02,0.3777517914772034,3.2
2015-06-03,-0.29064991474151614,2.8
2015-06-04,0.1941657543182373,5.0
2015-06-05,0.9000940799713135,2.2
2015-06-06,0.0,25.4
2015-06-07,-0.47540961503982543,8.2
2015-06-08,-0.27196707725524905,3.6
2015-06-09,-0.29039796590805056,5.8
2015-06-10,-0.3533752977848053,4.0
2015-06-11,0.030533623695373536,2.4
2015-06-12,0.4141168236732483,3.8
2015-06-13,0.020252907276153566,2.4
2015-06-14,-0.25113438367843627,9.2
2015-06-15,-0.08923314213752746,5.4
2015-06-16,-0.16943358182907103,2.4
2015-06-17,-0.2925705909729004,2.8
2015-06-18,-0.1483471632003784,2.2
2015-06-19,-0.17867118120193481,5.0
2015-06-20,0.11737146377563476,6.6
2015-06-21,0.20271968841552734,5.0
2015-06-22,-0.16897276639938355,3.4
2015-06-23,-0.1035582184791565,2.4
2015-06-24,0.12424863576889038,4.2
2015-06-25,-0.26950837969779967,4.6
2015-06-26,0.004224944114685059,5.2
2015-06-27,0.2698936343193054,2.2
2015-06-28,-0.44893736243247984,3.8
2015-06-29,-0.1392987847328186,2.4
2015-06-30,-0.29198803901672366,3.8
2015-07-01,0.04198058843612671,2.4
2015-07-02,-0.19122614860534667,4.8
2015-07-03,-0.023491251468658447,4.0
2015-07-04,0.0,2.2
2015-07-05,-0.34908969402313234,3.0
2015-07-06,-0.3114275813102722,2.4
2015-07-07,-0.31258349418640136,3.8
2015-07-08,0.15597686767578126,2.4
2015-07-09,-0.3180403232574463,7.2
2015-07-10,0.3131510138511658,4.2
2015-07-11,-0.33636281490325926,9.2
2015-07-12,-0.4853892207145691,5.0
2015-07-13,0.0585996150970459,6.2
2015-07-14,0.4933673143386841,7.8
2015-07-15,0.32048615217208865,2.6
2015-07-16,-0.13672387599945068,3.8
2015-07-17,-0.035705816745758054,2.4
2015-07-18,-0.029050445556640624,4.0
2015-07-19,0.005741775035858154,3.8
2015-07-20,-0.1927051305770874,3.2
2015-07-21,-0.2582874417304993,8.4
2015-07-22,-0.014288747310638427,2.2
2015-07-23,-0.374904191493988,2.4
2015-07-24,-0.03919825553894043,5.0
2015-07-25,-0.19212217926979064,4.0
2015-07-26,0.425902783870697,2.8
2015-07-27,-0.2941580772399902,4.0
2015-07-28,-0.40885976552963255,3.0
2015-07-29,0.014975452423095703,3.4
2015-07-30,-0.23606956005096436,4.6
2015-07-31,-0.2547519087791443,15.6
2015-08-01,-0.21800458431243896,17.2
2015-08-02,0.2969506621360779,6.8
2015-08-03,0.28368542194366453,3.6
2015-08-04,-0.11758655309677124,10.2
2015-08-05,-0.34927438497543334,9.2
2015-08-06,-0.7821541905403138,5.6
2015-08-07,-0.6390491724014282,3.6
2015-08-08,-0.2672756195068359,6.8
2015-08-09,-0.14420245885848998,2.4
2015-08-10,-0.07554149627685547,2.8
2015-08-11,-0.31596592664718626,4.4
2015-08-12,-0.35339343547821045,9.4
2015-08-13,0.05527760982513428,3.0
2015-08-14,-0.28035659790039064,4.4
2015-08-15,-0.08656847476959229,5.8
2015-08-16,-0.35170722007751465,7.8
2015-08-17,0.16175457239151,2.4
2015-08-18,-0.2807820916175842,4.8
2015-08-19,-0.04226208925247192,2.8
2015-08-20,0.1725744843482971,3.6
2015-08-21,-0.4926784038543701,8.0
2015-08-22,-0.1233870506286621,4.0
2015-08-23,-0.2445924997329712,5.6
2015-08-24,-0.28404850959777833,3.0
2015-08-25,-0.06309149265289307,7.2
2015-08-26,-0.22120194435119628,7.0
2015-08-27,0.3798994779586792,4.2
2015-08-28,-0.19232035875320436,5.6
2015-08-29,0.15855730772018434,4.4
2015-08-30,-0.1626028060913086,12.4
2015-08-31,-0.3006725788116455,3.8
2015-09-01,-0.13941328525543212,4.0
2015-09-02,0.3056823432445526,3.6
2015-09-03,-0.1327265977859497,8.6
2015-09-04,-0.05334477424621582,2.8
2015-09-05,-0.29700247049331663,9.0
2015-09-06,0.11587784290313721,24.2
2015-09-07,0.07993865609169007,3.4
2015-09-08,-0.16713086366653443,3.4
2015-09-09,-0.00808854103088379,14.4
2015-09-10,0.36486476063728335,3.8
2015-09-11,-0.04310897588729858,13.4
2015-09-12,-0.25037930011749265,13.8
2015-09-13,-0.27452658414840697,7.6
2015-09-14,-0.2345852494239807,3.4
2015-09-15,0.24810034036636353,3.6
2015-09-16,0.2526142120361328,3.2
2015-09-17,0.18281710743904114,2.8
2015-09-18,-0.2848320364952087,3.4
2015-09-19,-0.010839080810546875,3.4
2015-09-20,0.07481833696365356,9.4
2015-09-21,-0.04054317474365234,2.4
2015-09-22,-0.4920825004577637,5.0
2015-09-23,-0.2497242271900177,5.8
2015-09-24,-0.31113487482070923,3.8
2015-09-25,-0.10999518632888794,3.2
2015-09-26,-0.370625501871109,4.6
2015-09-27,-0.22882500290870667,2.2
2015-09-28,-0.13751131296157837,2.6
2015-09-29,-0.4515420436859131,9.4
2015-09-30,-0.10152550935745239,4.4
2015-10-01,-0.4602420687675476,12.2
2015-10-02,-0.16532877683639527,3.4
2015-10-03,-0.28614277839660646,5.4
2015-10-04,-0.12545675039291382,10.6
2015-10-05,-0.15792006254196167,13.4
2015-10-06,0.09281835556030274,2.8
2015-10-07,0.0,6.0
2015-10-08,-0.5573549032211303,5.2
2015-10-09,-0.16413092613220215,7.0
2015-10-10,-0.2717507779598236,4.4
2015-10-11,-0.26424559354782107,7.2
2015-10-12,-0.16358832120895386,8.4
2015-10-13,-0.14780821800231933,10.0
2015-10-14,0.18396025896072388,3.8
2015-10-15,-0.08445504903793336,5.0
2015-10-16,0.016603410243988037,6.6
2015-10-17,-0.4175561904907227,3.4
2015-10-18,0.09737070798873901,3.2
2015-10-19,0.3808948516845703,6.6
2015-10-20,0.0,3.4
2015-10-21,-0.40765105485916137,4.8
2015-10-22,-0.4568491101264954,2.8
2015-10-23,-0.28160748481750486,8.6
2015-10-24,-0.04208499193191528,3.0
2015-10-25,0.19310511350631715,6.6
2015-10-26,-0.23870725631713868,4.2
2015-10-27,-0.1266396760940552,8.8
2015-10-28,-0.0790570318698883,4.0
2015-10-29,-0.3398292362689972,4.4
2015-10-30,0.1316673994064331,2.6
2015-10-31,0.0016789793968200683,4.2
2015-11-01,0.06089242696762085,11.2
2015-11-02,0.36257166862487794,4.8
2015-11-03,-0.14882715940475463,4.4
2015-11-04,-0.38668777942657473,5.8
2015-11-05,-0.4812485098838806,5.0
2015-11-06,-0.17981127500534058,4.8
2015-11-07,-0.26051188707351686,3.4
2015-11-08,0.0139892578125,3.2
2015-11-09,-0.3195597052574158,3.8
2015-11-10,-0.1173988163471222,6.2
2015-11-11,-0.43824843168258665,4.2
2015-11-12,-0.3627184271812439,11.4
2015-11-13,-0.14933209419250487,2.6
2015-11-14,-0.13215264081954955,4.0
2015-11-15,-0.09395437240600586,6.4
2015-11-16,0.0823013186454773,4.6
2015-11-17,0.18183878660202027,5.2
2015-11-18,-0.40907037258148193,2.2
2015-11-19,-0.25978630781173706,3.4
2015-11-20,-0.11219385862350464,11.4
2015-11-21,0.061777126789093015,6.0
2015-11-22,-0.5675968766212464,3.0
2015-11-23,0.5330327153205872,4.6
2015-11-24,0.14838913679122925,18.4
2015-11-25,-0.21551212072372436,4.8
2015-11-26,-0.30309373140335083,3.0
2015-11-27,-0.07837798595428466,4.4
2015-11-28,0.026319777965545653,5.0
2015-11-29,-0.03320223093032837,3.0
2015-11-30,-0.013973081111907959,40.0
2015-12-01,-0.05123340487480164,2.6
2015-12-02,-0.4795104146003723,5.4
2015-12-03,-0.45366291999816893,4.4
2015-12-04,-0.47317492961883545,2.8
2015-12-05,-0.051045346260070804,4.2
2015-12-06,-0.2846896886825562,4.4
2015-12-07,-0.6443592190742493,6.6
2015-12-08,0.41096636056900027,3.8
2015-12-09,0.03472800254821777,11.2
2015-12-10,-0.41038075685501096,2.8
2015-12-11,-0.33358479738235475,5.0
2015-12-12,-0.43179255723953247,4.0
2015-12-13,-0.23037604093551636,5.0
2015-12-14,-0.3623808979988098,5.2
2015-12-15,-0.03203082680702209,3.6
2015-12-16,-0.0006861686706542969,6.6
2015-12-17,0.23354036808013917,11.8
2015-12-18,-0.13841737508773805,7.6
2015-12-19,0.10794926881790161,3.0
2015-12-20,-0.514642596244812,6.0
2015-12-21,-0.3330406308174133,5.4
2015-12-22,-0.18930301666259766,3.8
2015-12-23,-0.002677631378173828,3.2
2015-12-24,-0.010781729221343994,3.6
2015-12-25,-0.12091140747070313,13.4
2015-12-26,-0.1612473249435425,3.6
2015-12-27,0.05705779194831848,4.2
2015-12-28,0.16729226112365722,9.6
2015-12-29,-0.46142350435256957,8.4
2015-12-30,-0.15014021396636962,3.2
2015-12-31,0.31037689447402955,2.6
2016-01-01,-0.3185348272323608,8.4
2016-01-02,-0.13102102279663086,7.0
2016-01-03,-0.4335201621055603,12.6
2016-01-04,-0.07812597751617431,13.6
2016-01-05,-0.14483813047409058,5.0
2016-01-06,0.03065197467803955,3.2
2016-01-07,-0.6310923576354981,3.6
2016-01-08,-0.3722598195075989,4.8
2016-01-09,-0.15964215993881226,6.0
2016-01-10,0.24104862213134765,9.8
2016-01-11,0.19115676879882812,6.6
2016-01-12,-0.33406916856765745,3.8
2016-01-13,0.19548321962356568,55.8
2016-01-14,-0.09666168689727783,5.2
2016-01-15,-0.13137514591217042,8.4
2016-01-16,-0.30771565437316895,14.2
2016-01-17,-0.14442023634910583,7.2
2016-01-18,-0.27363221645355223,6.4
2016-01-19,-0.654364538192749,16.0
2016-01-20,-0.6528787732124328,7.8
2016-01-21,-0.15010445117950438,5.0
2016-01-22,-0.09294580221176148,2.8
2016-01-23,-0.147382390499115,2.2
2016-01-24,-0.30664809942245486,16.8
2016-01-25,-0.284894061088562,5.6
2016-01-26,-0.00952681303024292,7.6
2016-01-27,-0.15156586170196534,4.4
2016-01-28,-0.1461397171020508,3.2
2016-01-29,-0.46638840436935425,3.4
2016-01-30,0.2029874622821808,4.0
2016-01-31,-0.47029819488525393,5.4
2016-02-01,-0.6527177929878235,6.6
2016-02-02,-0.28036468029022216,11.4
2016-02-03,-0.5117974877357483,3.6
2016-02-04,-0.396164083480835,7.4
2016-02-05,-0.6280015468597412,4.0
2016-02-06,-0.3326196074485779,9.6
2016-02-07,-0.3225037336349487,5.6
2016-02-08,-0.2143096446990967,8.6
2016-02-09,-0.31250237226486205,4.6
2016-02-10,-0.14360870122909547,8.0
2016-02-11,0.0,3.6
2016-02-12,-0.043630576133728026,11.4
2016-02-13,-0.4190415143966675,7.8
2016-02-14,-0.3018947958946228,10.6
2016-02-15,-0.5678044974803924,4.2
2016-02-16,-0.35342222452163696,11.4
2016-02-17,-0.25343185663223267,12.2
2016-02-18,-0.511725926399231,2.2
2016-02-19,-0.1147840976715088,13.4
2016-02-20,-0.44047864675521853,19.8
2016-02-21,0.42924683094024657,2.4
2016-02-22,-0.17341079711914062,6.6
2016-02-23,-0.42586989402770997,4.8
2016-02-24,-0.1949194550514221,3.8
2016-02-25,-0.3058510899543762,3.4
2016-02-26,-0.004765653610229492,7.2
2016-02-27,0.06395362615585327,2.4
2016-02-28,-0.13961652517318726,6.6
2016-02-29,-0.126950204372406,6.6
2016-03-01,-0.43736699819564817,5.0
2016-03-02,-0.2847805142402649,7.0
2016-03-03,-0.618816339969635,6.8
2016-03-04,0.00971064567565918,3.4
2016-03-05,-0.03269507884979248,8.0
2016-03-06,0.1474948048591614,2.4
2016-03-07,-0.05174157619476318,3.8
2016-03-08,-0.4625142812728882,5.4
2016-03-09,-0.28121761083602903,14.4
2016-03-10,0.017305612564086914,4.2
2016-03-11,-0.023094570636749266,8.4
2016-03-12,-0.19501174688339235,3.0
2016-03-13,-0.38089330196380616,6.4
2016-03-14,-0.22854647636413575,7.6
2016-03-15,-0.4019333243370056,3.2
2016-03-16,-0.5495821237564087,2.2
2016-03-17,-0.013990020751953125,7.8
2016-03-18,-0.27932286262512207,19.2
2016-03-19,0.032011568546295166,3.6
2016-03-20,-0.262273108959198,9.6
2016-03-21,-0.26876583099365237,6.2
2016-03-22,-0.1928642749786377,4.2
2016-03-23,0.12240380048751831,5.0
2016-03-24,-0.635939073562622,5.4
2016-03-25,-0.333217990398407,6.0
2016-03-26,-0.23527369499206544,17.6
2016-03-27,0.10134750604629517,13.6
2016-03-28,0.07297300100326538,2.8
2016-03-29,-0.5328659057617188,4.2
2016-03-30,-0.2728220343589783,10.2
2016-03-31,-0.06513906717300415,7.4
2016-04-01,0.1158235251903534,14.6
2016-04-02,0.08298654556274414,16.6
2016-04-03,-0.4631290078163147,20.6
2016-04-04,-0.39993537664413453,8.0
2016-04-05,-0.11466012001037598,5.2
2016-04-06,-0.32304844856262205,3.6
2016-04-07,-0.1690578579902649,5.8
2016-04-08,-0.30336316823959353,4.2
2016-04-09,-0.47414733171463014,2.4
2016-04-10,-0.11487040519714356,4.2
2016-04-11,-0.18543214797973634,4.8
2016-04-12,0.010431528091430664,13.4
2016-04-13,0.0337493896484375,21.2
2016-04-14,-0.29894452095031737,3.0
2016-04-15,-0.27871960401535034,5.0
2016-04-16,-0.16516764760017394,2.4
2016-04-17,-0.09766649007797241,2.6
2016-04-18,-0.6646155953407288,7.4
2016-04-19,-0.11616977453231811,6.2
2016-04-20,-0.48538818359375,6.6
2016-04-21,-0.5582623600959777,5.0
2016-04-22,0.18509331941604615,3.2
2016-04-23,-0.19329338073730468,2.0
2016-04-24,-0.510115671157837,6.2
2016-04-25,-0.5593806624412536,4.2
2016-04-26,-0.08331260681152344,2.2
2016-04-27,0.1357175588607788,8.6
2016-04-28,-0.10316145420074463,2.2
2016-04-29,-0.5315504550933838,9.2
2016-04-30,0.1534709930419922,2.6
2016-05-01,-0.1479419469833374,8.8
2016-05-02,-0.11549361348152161,6.4
2016-05-03,-0.5831687092781067,2.8
2016-05-04,-0.17251914739608765,9.4
2016-05-05,-0.17482030391693115,4.4
2016-05-06,0.03513456583023071,5.0
2016-05-07,-0.30543936491012574,11.6
2016-05-08,-0.040131062269210815,12.0
2016-05-09,-0.46930197477340696,12.8
2016-05-10,0.14499075412750245,3.2
2016-05-11,-0.24484275579452514,2.6
2016-05-12,-0.41821367740631105,5.0
2016-05-13,-0.2533591270446777,6.2
2016-05-14,-0.38122697472572326,3.0
2016-05-15,-0.38421728610992434,15.0
2016-05-16,-0.37052216529846194,16.0
2016-05-17,-0.17028332352638245,5.6
2016-05-18,-0.3008044481277466,6.6
2016-05-19,-0.31464351415634156,5.0
2016-05-20,0.0902832567691803,8.4
2016-05-21,-0.39665149450302123,5.0
2016-05-22,-0.10896337628364564,3.2
2016-05-23,-0.5352619826793671,6.4
2016-05-24,-0.15692784786224365,12.0
2016-05-25,-0.09286652803421021,7.8
2016-05-26,0.14294403791427612,3.6
2016-05-27,-0.5147540926933288,4.2
2016-05-28,-0.06699254512786865,11.8
2016-05-29,-0.4519194722175598,4.4
2016-05-30,-0.340714430809021,10.4
2016-05-31,-0.37120033502578736,7.8
2016-06-01,-0.2904881477355957,6.6
2016-06-02,-0.11327649354934692,3.8
2016-06-03,-0.62671999335289,17.8
2016-06-04,-0.4723190665245056,6.6
2016-06-05,-0.4013691425323486,5.8
2016-06-06,-0.5230806112289429,11.8
2016-06-07,-0.32137432098388674,8.8
2016-06-08,0.15155913829803466,4.8
2016-06-09,-0.03565877676010132,5.0
2016-06-10,-0.22810037136077882,6.8
2016-06-11,-0.2960396885871887,2.8
2016-06-12,-0.38149951696395873,8.6
2016-06-13,-0.1909056067466736,5.6
2016-06-14,-0.19025145769119262,3.4
2016-06-15,-0.29645959138870237,7.0
2016-06-16,-0.20433971285820007,3.4
2016-06-17,-0.43741869926452637,6.2
2016-06-18,0.05617049932479858,6.6
2016-06-19,-0.3099299669265747,4.6
2016-06-20,0.14690202474594116,5.0
2016-06-21,-0.4255546808242798,9.4
2016-06-22,-0.2790696740150452,21.2
2016-06-23,0.0,8.6
2016-06-24,-0.3823658645153046,2.6
2016-06-25,-0.2481142222881317,6.8
2016-06-26,-0.404489266872406,4.4
2016-06-27,0.020109033584594725,6.2
2016-06-28,0.0,5.8
2016-06-29,-0.7103843808174133,2.8
2016-06-30,0.09510917067527772,3.6
2016-07-01,-0.12892507314682006,7.4
2016-07-02,-0.08606084585189819,4.0
2016-07-03,0.11916772723197937,4.0
2016-07-04,0.03921678066253662,7.8
2016-07-05,-0.09149332046508789,2.6
2016-07-06,-0.28949872851371766,7.2
2016-07-07,-0.3110915184020996,7.8
2016-07-08,-0.7413999319076539,3.4
2016-07-09,-0.1852285385131836,4.6
2016-07-10,0.09613646268844604,8.8
2016-07-11,-0.5780304670333862,3.0
2016-07-12,-0.4416821479797363,22.0
2016-07-13,-0.015580809116363526,3.6
2016-07-14,-0.3657794833183289,21.6
2016-07-15,-0.20030378103256224,5.8
2016-07-16,0.18796923160552978,9.6
2016-07-17,-0.6292770862579345,7.4
2016-07-18,-0.2949392795562744,10.2
2016-07-19,-0.07589612007141114,5.8
2016-07-20,-0.10385662317276001,5.0
2016-07-21,0.061544287204742434,5.2
2016-07-22,-0.44090512990951536,3.4
2016-07-23,-0.28668726682662965,23.0
2016-07-24,0.11948399543762207,12.6
2016-07-25,0.16506165266036987,4.4
2016-07-26,0.15829408168792725,3.8
2016-07-27,-0.33752224445343015,4.6
2016-07-28,-0.23024678230285645,2.8
2016-07-29,-0.16216752529144288,3.4
2016-07-30,-0.4367897868156433,5.4
2016-07-31,-0.1940317153930664,9.6
2016-08-01,-0.4819707989692688,3.4
2016-08-02,-0.04802548885345459,3.2
2016-08-03,0.0,12.4
2016-08-04,-0.24397393465042114,8.6
2016-08-05,-0.011239171028137207,3.4
2016-08-06,0.15455422401428223,12.8
2016-08-07,-0.09624302983283997,6.8
2016-08-08,-0.2345748782157898,5.6
2016-08-09,0.13082876205444335,4.6
2016-08-10,0.030631506443023683,5.8
2016-08-11,0.056889516115188596,3.4
2016-08-12,-0.07400246858596801,4.6
2016-08-13,-0.5614888429641723,5.2
2016-08-14,0.045906996726989745,17.4
2016-08-15,0.0,7.0
2016-08-16,-0.1842881202697754,13.2
2016-08-17,-0.2417394518852234,37.8
2016-08-18,-0.1280245900154114,5.6
2016-08-19,-0.14191749095916747,7.4
2016-08-20,-0.4107281565666199,7.8
2016-08-21,0.014383256435394287,5.2
2016-08-22,-0.4483566641807556,10.6
2016-08-23,-0.02139465808868408,3.4
2016-08-24,0.42885913252830504,3.6
2016-08-25,-0.15402050018310548,21.4
2016-08-26,-0.3236532211303711,7.0
2016-08-27,0.09144125580787658,14.4
2016-08-28,0.0,42.0
2016-08-29,-0.2728127121925354,6.0
2016-08-30,-0.1832747220993042,6.4
2016-08-31,0.004528820514678955,9.6
2016-09-01,-0.32695295810699465,5.8
2016-09-02,-0.12699438333511354,5.4
2016-09-03,-0.3061190128326416,5.6
2016-09-04,-0.42524075508117676,2.4
2016-09-05,0.2333218574523926,4.2
2016-09-06,0.0007345795631408692,5.6
2016-09-07,-0.4072732388973236,6.4
2016-09-08,-0.23227111101150513,6.6
2016-09-09,-0.2575001001358032,4.8
2016-09-10,-0.17769418954849242,12.4
2016-09-11,-0.19450989961624146,5.6
2016-09-12,-0.12949807643890382,4.0
2016-09-13,-0.19201433658599854,2.8
2016-09-14,-0.47861242294311523,9.4
2016-09-15,-0.052373218536376956,7.2
2016-09-16,-0.26979732513427734,18.2
2016-09-17,-0.4320209503173828,5.2
2016-09-18,0.3828739643096924,13.2
2016-09-19,-0.42218728065490724,8.8
2016-09-20,-0.29913303852081297,8.4
2016-09-21,-0.15686848163604736,6.6
2016-09-22,0.08501912951469422,3.4
2016-09-23,-0.1914242386817932,6.4
2016-09-24,-0.3541141986846924,5.8
2016-09-25,-0.23399693965911866,14.6
2016-09-26,-0.1536457896232605,8.2
2016-09-27,-0.2726554870605469,9.6
2016-09-28,0.0861510992050171,12.6
2016-09-29,-0.43027673959732055,3.2
2016-09-30,-0.30409966707229613,12.0
2016-10-01,-0.2696415185928345,2.6
2016-10-02,-0.47319453954696655,13.0
2016-10-03,-0.10331696271896362,3.2
2016-10-04,-0.6730361700057983,19.6
2016-10-05,-0.3345382571220398,2.8
2016-10-06,0.010621297359466552,6.0
2016-10-07,-0.18578392267227173,8.6
2016-10-08,-0.27125039100646975,15.0
2016-10-09,-0.27042369842529296,7.8
2016-10-10,-0.15568662881851197,4.6
2016-10-11,-0.23696465492248536,3.8
2016-10-12,-0.10295847654342652,22.6
2016-10-13,-0.3038987636566162,4.0
2016-10-14,-0.131805944442749,6.4
2016-10-15,0.19153391122817992,4.8
2016-10-16,-0.425136661529541,3.2
2016-10-17,-0.40830000638961794,7.8
2016-10-18,-0.11192009449005128,8.0
2016-10-19,-0.14525282382965088,6.2
2016-10-20,-0.1884927988052368,3.2
2016-10-21,-0.37268378734588625,6.4
2016-10-22,-0.28183668851852417,3.2
2016-10-23,-0.5107122421264648,51.4
2016-10-24,0.18125754594802856,10.4
2016-10-25,-0.11402369737625122,3.8
2016-10-26,-0.3111457943916321,5.2
2016-10-27,0.0390110969543457,8.0
2016-10-28,-0.4604522228240967,2.4
2016-10-29,0.14150387048721313,5.0
2016-10-30,-0.006942069530487061,5.0
2016-10-31,-0.46157164573669435,6.0
2016-11-01,0.013098597526550293,4.4
2016-11-02,-0.04099652767181396,9.4
2016-11-03,-0.33174527883529664,11.4
2016-11-04,-0.35562337636947633,4.8
2016-11-05,-0.15876705646514894,3.6
2016-11-06,-0.053698408603668216,6.0
2016-11-07,-0.33733636140823364,10.8
2016-11-08,-0.29841678142547606,32.6
2016-11-09,-0.2999975085258484,19.4
2016-11-10,-0.08603479862213134,11.6
2016-11-11,-0.2106122851371765,8.0
2016-11-12,0.22612048387527467,8.8
2016-11-13,-0.4197903037071228,3.8
2016-11-14,-0.2950804948806763,10.0
2016-11-15,0.1124494194984436,3.0
2016-11-16,-0.4711805582046509,5.6
2016-11-17,-0.17297543287277223,12.8
2016-11-18,-0.1053913950920105,2.0
2016-11-19,0.1783185601234436,9.8
2016-11-20,-0.35808550119400023,10.6
2016-11-21,-0.5107049107551574,8.8
2016-11-22,-0.11266995668411255,8.2
2016-11-23,-0.13627315759658815,16.0
2016-11-24,-0.24433634281158448,5.6
2016-11-25,-0.14672181010246277,4.6
2016-11-26,-0.16088149547576905,4.2
2016-11-27,-0.118285870552063,4.8
2016-11-28,-0.17697049379348756,32.8
2016-11-29,-0.14495769739151002,2.4
2016-11-30,-0.2498713970184326,6.4
2016-12-01,-0.422711443901062,8.8
2016-12-02,-0.18768975734710694,10.8
2016-12-03,0.1536794900894165,9.2
2016-12-04,0.0,8.0
2016-12-05,-0.33314603567123413,4.6
2016-12-06,0.04234268665313721,17.8
2016-12-07,0.061476278305053714,5.0
2016-12-08,-0.6886809229850769,24.6
2016-12-09,-0.3555275917053223,8.6
2016-12-10,-0.5312957406044007,20.0
2016-12-11,-0.057391798496246337,2.2
2016-12-12,-0.3624944925308228,3.0
2016-12-13,-0.13091546297073364,47.2
2016-12-14,-0.3373592495918274,12.6
2016-12-15,-0.15650886297225952,20.6
2016-12-16,0.05304333567619324,35.8
2016-12-17,-0.23196112513542175,4.4
2016-12-18,-0.33883347511291506,19.4
2016-12-19,0.02417571544647217,7.2
2016-12-20,-0.39830726385116577,16.6
2016-12-21,-0.3172827959060669,35.4
2016-12-22,-0.29387458562850954,7.8
2016-12-23,-0.19794670343399048,10.6
2016-12-24,-0.3346548080444336,6.2
2016-12-25,-0.31149553060531615,26.8
2016-12-26,-0.19107961654663086,5.2
2016-12-27,-0.6166443705558777,4.6
2016-12-28,-0.44650323390960694,16.2
2016-12-29,-0.2504738450050354,5.8
2016-12-30,0.2591711401939392,2.8
2016-12-31,0.0,5.4
2017-01-01,-0.5393026947975159,14.0
2017-01-02,-0.4379868745803833,19.0
2017-01-03,-0.016354042291641235,14.0
2017-01-04,-0.0018462061882019043,15.2
2017-01-05,-0.4079952836036682,5.4
2017-01-06,-0.18887856006622314,6.6
2017-01-07,-0.11449897289276123,10.4
2017-01-08,-0.286487877368927,9.8
2017-01-09,-0.18897359371185302,12.0
2017-01-10,-0.18812597393989564,4.8
2017-01-11,0.08622807264328003,11.0
2017-01-12,-0.12964749336242676,3.2
2017-01-13,-0.38912551999092104,16.8
2017-01-14,-0.08276221752166749,3.8
2017-01-15,-0.26229033470153806,12.4
2017-01-16,-0.42922937870025635,7.6
2017-01-17,-0.4764749526977539,9.2
2017-01-18,-0.17601990699768066,3.6
2017-01-19,0.26251245737075807,3.2
2017-01-20,-0.36215054988861084,6.0
2017-01-21,-0.4623462319374084,5.4
2017-01-22,-0.2695065259933472,10.0
2017-01-23,0.16597156524658202,26.8
2017-01-24,-0.4372974932193756,3.4
2017-01-25,-0.2620269417762756,7.8
2017-01-26,-0.3580307483673096,6.6
2017-01-27,-0.25156532526016234,7.4
2017-01-28,-0.14842783212661742,80.8
2017-01-29,-0.5121152400970459,9.6
2017-01-30,-0.1590887188911438,4.8
2017-01-31,-0.4249695956707001,14.0
2017-02-01,-0.5556546807289123,15.6
2017-02-02,0.02827005386352539,7.8
2017-02-03,0.008046317100524902,27.0
2017-02-04,-0.2394001305103302,9.2
2017-02-05,-0.14110198020935058,5.8
2017-02-06,-0.13935575485229493,4.6
2017-02-07,-0.2876143455505371,7.2
2017-02-08,-0.21411290764808655,11.8
2017-02-09,-0.023658120632171632,6.6
2017-02-10,0.10796300172805787,3.4
2017-02-11,0.07972469329833984,7.8
2017-02-12,-0.22210782766342163,7.2
2017-02-13,0.012692755460739136,2.8
2017-02-14,0.32712655067443847,14.8
2017-02-15,-0.4379337430000305,21.8
2017-02-16,-0.17864993810653687,11.0
2017-02-17,-0.27249308824539187,3.2
2017-02-18,-0.003456413745880127,9.6
2017-02-19,-0.3011262536048889,5.0
2017-02-20,-0.34620673656463624,27.2
2017-02-21,-0.12881529331207275,29.6
2017-02-22,-0.38562980890274046,19.4
2017-02-23,-0.17383770942687987,6.4
2017-02-24,-0.005183851718902588,5.4
2017-02-25,-0.7893579721450805,7.6
2017-02-26,-0.3639856219291687,12.4
2017-02-27,0.03813347816467285,8.2
2017-02-28,0.06861040592193604,7.0
2017-03-01,0.031549155712127686,6.2
2017-03-02,0.13264307975769044,19.8
2017-03-03,-0.2421956777572632,3.2
2017-03-04,-0.252562952041626,5.8
2017-03-05,-0.28615320920944215,9.0
2017-03-06,-0.04359896183013916,8.8
2017-03-07,0.01940537691116333,6.4
2017-03-08,-0.179973304271698,4.8
2017-03-09,-0.3749179482460022,7.0
2017-03-10,-0.12924901247024537,21.2
2017-03-11,-0.19782033562660217,11.4
2017-03-12,0.23873897194862365,3.4
2017-03-13,-0.44354448318481443,5.6
2017-03-14,-0.5969801545143127,10.4
2017-03-15,-0.06693823337554931,7.0
2017-03-16,-0.2260321259498596,5.4
2017-03-17,-0.4448703646659851,20.2
2017-03-18,-0.3672230005264282,14.8
2017-03-19,0.5411255955696106,3.6
2017-03-20,-0.3557524919509888,7.2
2017-03-21,0.3533913612365723,3.8
2017-03-22,-0.623054027557373,11.8
2017-03-23,0.17273120880126952,7.2
2017-03-24,-0.091326504945755,6.8
2017-03-25,-0.49607871770858764,4.4
2017-03-26,-0.10275379419326783,15.0
2017-03-27,0.02776128053665161,10.6
2017-03-28,-0.3210489273071289,7.0
2017-03-29,0.14643664360046388,3.6
2017-03-30,-0.21494762897491454,5.2
2017-03-31,-0.2529256820678711,4.4
2017-04-01,-0.4505185067653656,9.6
2017-04-02,-0.26085923314094545,4.8
2017-04-03,-0.3455433249473572,8.8
2017-04-04,-0.20782185792922975,5.8
2017-04-05,-0.04521114826202392,14.4
2017-04-06,-0.07093688249588012,4.2
2017-04-07,0.15573089122772216,4.6
2017-04-08,-0.07553350329399108,10.0
2017-04-09,-0.7104637861251831,190.2
2017-04-10,-0.6197490811347961,21.6
2017-04-11,0.2983617901802063,11.8
2017-04-12,0.1241220474243164,2.4
2017-04-13,-0.16385875940322875,6.8
2017-04-14,-0.47644245624542236,3.4
2017-04-15,-0.10777205228805542,16.4
2017-04-16,-0.1561632513999939,29.2
2017-04-17,-0.3583005666732788,6.2
2017-04-18,-0.17398545742034913,7.6
2017-04-19,-0.2794738054275513,3.4
2017-04-20,-0.0647734522819519,61.0
2017-04-21,-0.07373161315917968,10.8
2017-04-22,-0.7968477725982666,16.2
2017-04-23,-0.22648563385009765,7.4
2017-04-24,-0.07025458812713622,54.6
2017-04-25,-0.26557585000991824,3.4
2017-04-26,-0.15351390838623047,16.6
2017-04-27,-0.060972630977630615,26.4
2017-04-28,-0.2796865224838257,3.8
2017-04-29,-0.076248300075531,8.0
2017-04-30,-0.47784762382507323,24.0
2017-05-01,-0.4886702299118042,2.4
2017-05-02,-0.18749580383300782,20.0
2017-05-03,-0.2913936018943787,7.0
2017-05-04,0.1277219533920288,2.8
2017-05-05,-0.10332523584365845,17.4
2017-05-06,-0.2817309260368347,7.0
2017-05-07,-0.18034489154815675,7.8
2017-05-08,0.11647804975509643,7.2
2017-05-09,-0.3113021194934845,8.4
2017-05-10,-0.21267128586769105,2.8
2017-05-11,0.1269410252571106,31.6
2017-05-12,-0.24163098335266114,7.6
2017-05-13,0.506688368320465,6.2
2017-05-14,-0.49448912143707274,10.4
2017-05-15,-0.3536629557609558,14.4
2017-05-16,0.024343490600585938,10.2
2017-05-17,-0.6192073583602905,37.4
2017-05-18,-0.24662848711013793,10.6
2017-05-19,-0.2283119559288025,12.2
2017-05-20,-0.19314631223678588,6.8
2017-05-21,-0.2185682773590088,16.0
2017-05-22,-0.1567366123199463,7.4
2017-05-23,-0.10336899161338806,8.4
2017-05-24,-0.03987241983413696,5.8
2017-05-25,-0.400685977935791,6.4
2017-05-26,-0.11340161561965942,4.6
2017-05-27,-0.15937777161598204,7.6
2017-05-28,0.36733593940734866,10.4
2017-05-29,-0.11270272731781006,11.6
2017-05-30,-0.394858717918396,3.2
2017-05-31,-0.590665054321289,4.8
2017-06-01,0.5716745018959045,4.0
2017-06-02,-0.17146095037460327,9.6
2017-06-03,0.0020925283432006838,2.4
2017-06-04,-0.1704304814338684,23.4
2017-06-05,-0.36418492794036866,4.6
2017-06-06,-0.19985731840133666,3.0
2017-06-07,-0.37579730749130247,19.8
2017-06-08,-0.33844772577285764,5.0
2017-06-09,-0.10700879096984864,8.0
2017-06-10,-0.30155205726623535,12.6
2017-06-11,0.09723259210586548,3.4
2017-06-12,-0.1148574709892273,3.8
2017-06-13,-0.2790612459182739,13.0
2017-06-14,-0.13977867364883423,7.0
2017-06-15,0.024080514907836914,3.6
2017-06-16,-0.6341613888740539,5.8
2017-06-17,0.08780996799468994,7.0
2017-06-18,-0.33161104917526246,34.4
2017-06-19,-0.09775048494338989,5.0
2017-06-20,0.0,10.2
2017-06-21,0.19081742763519288,20.0
2017-06-22,-0.08069777488708496,6.0
2017-06-23,-0.34575988054275514,14.6
2017-06-24,-0.29891892671585085,12.8
2017-06-25,-0.16502807140350342,4.2
2017-06-26,-0.1680457353591919,6.0
2017-06-27,0.12775856256484985,6.4
2017-06-28,-0.2755444049835205,5.4
2017-06-29,-0.04263097047805786,3.0
2017-06-30,0.011877858638763427,7.2
2017-07-01,-0.48761900663375857,8.8
2017-07-02,-0.4750283002853394,12.4
2017-07-03,-0.3078181385993958,27.0
2017-07-04,0.10794986486434936,4.4
2017-07-05,-0.16060489416122437,34.8
2017-07-06,-0.2873340368270874,37.2
2017-07-07,-0.23812506198883057,15.0
2017-07-08,-0.47668784856796265,10.2
2017-07-09,-0.28676819801330566,3.2
2017-07-10,-0.201472270488739,9.0
2017-07-11,-0.14408057928085327,3.2
2017-07-12,-0.4331717073917389,4.4
2017-07-13,-0.2574130892753601,7.0
2017-07-14,-0.01058286428451538,7.0
2017-07-15,-0.08866603970527649,11.6
2017-07-16,-0.08404290676116943,15.0
2017-07-17,-0.29932191371917727,6.8
2017-07-18,0.035635852813720705,3.6
2017-07-19,-0.4923206567764282,8.8
2017-07-20,-0.0721403956413269,29.6
2017-07-21,-0.46759328842163084,3.2
2017-07-22,0.3507067203521729,5.4
2017-07-23,-0.08794409632682801,5.6
2017-07-24,-0.46760175228118894,7.6
2017-07-25,0.13324617147445678,3.2
2017-07-26,0.2101482033729553,4.0
2017-07-27,-0.35898531675338746,4.8
2017-07-28,-0.42247220277786257,5.0
2017-07-29,-0.39144124984741213,12.8
2017-07-30,0.048465502262115476,3.4
2017-07-31,0.02779809236526489,8.0
2017-08-01,-0.1828569293022156,8.4
2017-08-02,-0.3213741183280945,5.2
2017-08-03,-0.3647987723350525,15.6
2017-08-04,-0.1970280408859253,14.6
2017-08-05,-0.19014521837234497,2.4
2017-08-06,0.0,8.0
2017-08-07,0.10677167177200317,16.2
2017-08-08,0.15259765982627868,6.0
2017-08-09,0.24663666486740113,3.6
2017-08-10,-0.39039294719696044,13.0
2017-08-11,0.17633072137832642,6.2
2017-08-12,-0.19112367033958436,11.8
2017-08-13,0.0682983160018921,5.4
2017-08-14,-0.11763213872909546,12.8
2017-08-15,-0.14475263357162477,5.0
2017-08-16,-0.023476850986480714,16.2
2017-08-17,-0.6121088743209839,4.0
2017-08-18,-0.5264599323272705,8.2
2017-08-19,-0.21516177654266358,43.4
2017-08-20,-0.4211859107017517,3.2
2017-08-21,-0.5578939557075501,12.6
2017-08-22,-0.18585668206214906,6.8
2017-08-23,-0.2921548366546631,7.4
2017-08-24,-0.262398362159729,22.8
2017-08-25,0.36206564903259275,2.8
2017-08-26,-0.38434181213378904,10.4
2017-08-27,-0.27915464639663695,8.8
2017-08-28,-0.4284455180168152,35.8
2017-08-29,-0.6717811703681946,9.8
2017-08-30,-0.5341888666152954,10.0
2017-08-31,-0.3907657086849213,4.4
2017-09-01,0.0009926199913024903,8.4
2017-09-02,0.13864731788635254,2.2
2017-09-03,-0.43623961210250856,18.6
2017-09-04,-0.4389017343521118,3.0
2017-09-05,-0.12778997421264648,13.2
2017-09-06,-0.09712921380996704,9.2
2017-09-07,-0.03966977596282959,25.8
2017-09-08,-0.012482595443725587,3.2
2017-09-09,0.1310636043548584,3.4
2017-09-10,-0.21097634434700013,10.8
2017-09-11,-0.21746233701705933,9.8
2017-09-12,-0.2742138385772705,6.0
2017-09-13,0.1243751049041748,6.4
2017-09-14,-0.34146825075149534,15.4
2017-09-15,0.13057373762130736,7.6
2017-09-16,-0.3400098443031311,13.6
2017-09-17,-0.09868980646133423,8.6
2017-09-18,-0.05296372175216675,3.8
2017-09-19,0.05719814300537109,3.0
2017-09-20,-0.0011304497718811035,18.8
2017-09-21,-0.3861053705215454,30.2
2017-09-22,0.12175636291503907,20.8
2017-09-23,-0.2509996175765991,7.2
2017-09-24,-0.24888643622398376,9.2
2017-09-25,-0.285865843296051,22.0
2017-09-26,-0.52150838971138,13.4
2017-09-27,0.20151708126068116,129.0
2017-09-28,0.1512672185897827,41.8
2017-09-29,-0.5274888634681701,8.4
2017-09-30,0.11290544271469116,5.6
2017-10-01,-0.07445766925811767,14.2
2017-10-02,-0.3800518035888672,16.2
2017-10-03,0.0,5.2
2017-10-04,0.04179787635803223,4.4
2017-10-05,-0.4773466467857361,21.8
2017-10-06,-0.3584782600402832,11.4
2017-10-07,-0.051265943050384524,14.6
2017-10-08,-0.2696498155593872,6.2
2017-10-09,-0.023303818702697755,11.8
2017-10-10,-0.19480471611022948,8.2
2017-10-11,-0.5802307844161987,11.4
2017-10-12,0.005876171588897705,7.8
2017-10-13,-0.3963947892189026,8.4
2017-10-14,-0.2867851614952087,9.8
2017-10-15,-0.41417531967163085,17.4
2017-10-16,-0.339019250869751,6.0
2017-10-17,-0.32716141939163207,7.8
2017-10-18,-0.4067597031593323,8.4
2017-10-19,-0.4780296564102173,8.4
2017-10-20,-0.193245792388916,6.0
2017-10-21,-0.06540495157241821,4.4
2017-10-22,0.21721787452697755,14.8
2017-10-23,-0.27094831466674807,11.8
2017-10-24,0.1698164463043213,6.0
2017-10-25,0.0,4.2
2017-10-26,-0.1594588875770569,7.4
2017-10-27,-0.359266996383667,4.6
2017-10-28,-0.4201724410057068,11.0
2017-10-29,0.0,5.0
2017-10-30,-0.360781192779541,20.2
2017-10-31,-0.2724462032318115,4.0
2017-11-01,-0.06170214414596557,12.8
2017-11-02,0.4757788062095642,6.8
2017-11-03,0.013475477695465088,6.4
2017-11-04,0.0,12.0
2017-11-05,0.2743887186050415,10.0
2017-11-06,-0.03009287118911743,11.6
2017-11-07,-0.20832359790802002,16.4
2017-11-08,-0.533985185623169,41.4
2017-11-09,-0.029212605953216553,11.2
2017-11-10,0.012042081356048584,6.0
2017-11-11,0.14651914834976196,3.2
2017-11-12,-0.16014726161956788,15.4
2017-11-13,-0.6150266230106354,11.4
2017-11-14,-0.5493151545524597,38.4
2017-11-15,-0.1254727840423584,5.6
2017-11-16,-0.33608160018920896,16.6
2017-11-17,-0.4543155550956726,37.4
2017-11-18,-0.15617479085922242,7.6
2017-11-19,-0.5005086898803711,22.2
2017-11-20,-0.05681986808776855,36.6
2017-11-21,0.29742611646652223,11.8
2017-11-22,0.0,5.4
2017-11-23,-0.26450265645980836,17.0
2017-11-24,-0.1933668375015259,19.8
2017-11-26,-0.8224014282226563,13.4
2017-11-27,-0.3898210823535919,8.8
2017-11-28,-0.27221795320510866,12.2
2017-11-29,0.03180961608886719,7.0
2017-11-30,0.1877621054649353,10.8
2017-12-01,-0.43243433237075807,22.2
2017-12-02,-0.5872612595558167,5.8
2017-12-03,-0.22360740900039672,76.0
2017-12-04,-0.4214303731918335,19.4
2017-12-05,0.32885758876800536,45.4
2017-12-06,0.0,13.2
2017-12-07,-0.1956527352333069,247.6
2017-12-08,0.0,7.0
2017-12-09,-0.10075938701629639,21.2
2017-12-10,0.0,19.6
2017-12-11,0.1481851577758789,23.4
2017-12-12,-0.3987672209739685,3.6
2017-12-13,-0.3216285228729248,77.8
2017-12-14,0.36879206299781797,3.0
2017-12-15,-0.352053040266037,9.2
2017-12-16,-0.08383936285972596,9.2
2017-12-17,-0.21080363988876344,2.8
2017-12-18,-0.01628960371017456,3.2
2017-12-19,-0.42717729806900023,4.6
2017-12-20,0.19605517387390137,9.2
2017-12-21,-0.34462273120880127,4.6
2017-12-22,0.12455471754074096,5.8
2017-12-23,0.0,27.6
2017-12-24,0.38305188417434693,9.2
2017-12-25,-0.563915467262268,19.4
2017-12-26,-0.2736239194869995,13.0
2017-12-27,-0.27026318311691283,14.2
2017-12-28,-0.27202051877975464,6.4
2017-12-29,-0.281815505027771,14.2
2017-12-30,0.0019997715950012206,2.6
2017-12-31,0.061498057842254636,45.8
2018-01-01,0.13464843034744262,19.6
2018-01-02,-0.0896843671798706,17.4
2018-01-03,-0.096889066696167,4.0
2018-01-04,-0.6585798859596252,14.6
2018-01-05,-0.049158906936645506,13.8
2018-01-06,-0.16568949222564697,5.0
2018-01-07,-0.15386272668838502,4.4
2018-01-08,-0.19294750690460205,3.8
2018-01-09,-0.13767070770263673,6.0
2018-01-10,-0.2003284811973572,20.8
2018-01-11,-0.3607813835144043,14.6
2018-01-12,-0.04739103317260742,8.6
2018-01-13,-0.14405629634857178,5.6
2018-01-14,0.0,8.4
2018-01-15,-0.29934580326080323,4.6
2018-01-16,-0.2956913232803345,4.0
2018-01-17,-0.2867101788520813,12.0
2018-01-18,-0.6728569030761719,14.8
2018-01-19,-0.6230432629585266,8.4
2018-01-20,-0.3840530514717102,29.6
2018-01-21,-0.5692312002182007,27.2
2018-01-22,-0.34249624609947205,11.8
2018-01-23,-0.4024824142456055,5.0
2018-01-24,-0.03795435428619385,9.6
2018-01-25,-0.5600772619247436,10.4
2018-01-26,-0.037750065326690674,9.2
2018-01-27,-0.3028512835502625,8.2
2018-01-28,0.0,17.0
2018-01-29,-0.5420196890830994,7.4
2018-01-30,-0.2736429452896118,9.0
2018-01-31,-0.04452372789382934,13.2
2018-02-01,-0.36937040090560913,3.8
2018-02-02,-0.07664154767990113,7.8
2018-02-03,-0.2098711371421814,10.8
2018-02-04,-0.04303708076477051,12.0
2018-02-05,-0.014373505115509033,13.4
2018-02-06,0.016286683082580567,7.4
2018-02-07,-0.3080048203468323,8.8
2018-02-08,-0.392410135269165,16.2
2018-02-09,-0.04575052261352539,28.2
2018-02-10,-0.2792712330818176,3.6
2018-02-11,-0.09715422987937927,5.0
2018-02-12,-0.057734894752502444,14.0
2018-02-13,-0.18963791131973268,6.6
2018-02-14,0.14251182079315186,7.4
2018-02-15,-0.13023977279663085,9.2
2018-02-16,-0.32608283758163453,9.8
2018-02-17,0.2166062295436859,6.8
2018-02-18,0.1547693967819214,19.2
2018-02-19,0.20197913646697999,27.2
2018-02-20,-0.4541441321372986,11.6
2018-02-21,-0.5362549543380737,5.2
2018-02-22,-0.4928078889846802,2.8
2018-02-23,-0.2210916757583618,6.4
2018-02-24,-0.37767982482910156,37.2
2018-02-25,-0.7572617650032043,12.6
2018-02-26,0.481470513343811,21.8
2018-02-27,-0.6730122685432434,6.8
2018-02-28,-0.4985810458660126,3.4
2018-03-01,-0.09282892942428589,10.6
2018-03-02,-0.03417791128158569,7.2
2018-03-03,-0.13063062429428102,67.8
2018-03-04,-0.33260838985443114,10.4
2018-03-05,0.251553875207901,8.6
2018-03-06,0.4089048504829407,4.2
2018-03-07,-0.3031478762626648,9.2
2018-03-08,-0.23485454320907592,7.4
2018-03-09,-0.18677833080291747,5.6
2018-03-10,-0.3580191135406494,13.4
2018-03-11,-0.0935624361038208,4.2
2018-03-12,-0.18861624002456664,20.0
2018-03-13,-0.2021668314933777,38.0
2018-03-14,-0.5077279686927796,27.8
2018-03-15,-0.2411455452442169,26.6
2018-03-16,-0.8098487019538879,7.4
2018-03-17,-0.12397533655166626,13.4
2018-03-18,-0.015560770034790039,5.2
2018-03-19,-0.7208083033561706,9.2
2018-03-20,-0.10820180177688599,25.0
2018-03-21,-0.30542232990264895,9.2
2018-03-22,-0.3882348656654358,7.8
2018-03-23,-0.5525744080543518,6.4
2018-03-24,-0.47574445605278015,10.6
2018-03-25,0.0,18.8
2018-03-26,-0.11354039907455445,6.6
2018-03-27,-0.4090918302536011,13.4
2018-03-28,-0.4507542610168457,9.4
2018-03-29,-0.12115534543991088,8.8
2018-03-30,-0.1681843638420105,14.6
2018-03-31,-0.09138058423995972,9.6
2018-04-01,-0.3243634939193726,6.8
2018-04-02,-0.1569724202156067,7.2
2018-04-03,-0.2560832142829895,5.8
2018-04-04,-0.5357670545578003,29.0
2018-04-05,-0.6750911593437194,5.8
2018-04-06,-0.682561194896698,20.0
2018-04-07,-0.15351929664611816,7.6
2018-04-08,-0.2673195242881775,7.6
2018-04-09,0.1792543888092041,33.4
2018-04-10,-0.16962820291519165,14.6
2018-04-11,-0.41141476631164553,11.6
2018-04-12,-0.33084102869033816,7.4
2018-04-13,-0.0798748254776001,14.8
2018-04-14,-0.3287952780723572,11.6
2018-04-15,-0.09925947785377502,22.6
2018-04-16,-0.0021327853202819822,5.2
2018-04-17,-0.3191140353679657,12.0
2018-04-18,-0.16475214958190917,11.8
2018-04-19,-0.3085679650306702,12.0
2018-04-20,-0.07710390090942383,11.6
2018-04-21,-0.6278397083282471,10.6
2018-04-22,-0.35452409386634826,74.8
2018-04-23,0.0,9.0
2018-04-24,-0.2321859359741211,4.2
2018-04-25,-0.5529607892036438,6.0
2018-04-26,-0.5451615929603577,5.8
2018-04-27,-0.13622614741325378,6.6
2018-04-28,-0.2800814151763916,4.2
2018-04-29,0.11260957717895508,4.4
2018-04-30,0.0,10.2
2018-05-01,0.0721653938293457,7.4
2018-05-02,0.10777537822723389,7.8
2018-05-03,-0.293983006477356,17.4
2018-05-04,0.007443153858184814,10.2
2018-05-05,-0.10642333030700683,7.8
2018-05-06,-0.3530488610267639,5.8
2018-05-07,-0.6374243259429931,12.2
2018-05-08,-0.08290590047836303,7.4
2018-05-09,-0.2478386640548706,5.2
2018-05-10,-0.17649786472320556,7.2
2018-05-11,-0.632926630973816,8.0
2018-05-12,-0.619583809375763,8.0
2018-05-13,-0.32187042236328123,17.2
2018-05-14,-0.4230738997459412,4.6
2018-05-15,-0.20303786993026735,3.8
2018-05-16,-0.013626396656036377,11.2
2018-05-17,-0.11157309412956237,7.0
2018-05-18,0.08207625150680542,5.8
2018-05-19,-0.43902102708816526,11.0
2018-05-20,-0.18828824758529664,24.0
2018-05-21,0.2585869312286377,3.8
2018-05-22,0.1043784499168396,6.0
2018-05-23,-0.3109973073005676,11.0
2018-05-24,-0.30142892599105836,9.6
2018-05-25,0.14990910291671752,33.2
2018-05-26,0.22938646674156188,7.4
2018-05-27,-0.4177355170249939,5.4
2018-05-28,-0.424114978313446,16.4
2018-05-29,-0.47167766094207764,11.0
2018-05-30,-0.07098746299743652,12.8
2018-05-31,0.0,8.6
2018-06-01,0.1973602592945099,12.4
2018-06-02,-0.031435263156890866,11.6
2018-06-03,-0.2990985870361328,8.8
2018-06-04,-0.4220633268356323,4.4
2018-06-05,0.0,4.4
2018-06-06,0.0,4.0
2018-06-07,0.28811622858047486,4.0
2018-06-08,-0.093051278591156,8.6
2018-06-09,-0.27557930946350095,8.6
2018-06-10,0.4197841763496399,5.2
2018-06-11,0.1037951111793518,13.6
2018-06-12,-0.15245379209518434,7.0
2018-06-13,-0.45114917755126954,9.6
2018-06-14,-0.2186429738998413,7.4
2018-06-15,0.5239394307136536,5.0
2018-06-16,0.09385718703269959,11.4
2018-06-17,0.1991289258003235,24.2
2018-06-18,0.03946925401687622,6.8
2018-06-19,-0.3943724751472473,8.0
2018-06-20,-0.2855196952819824,8.0
2018-06-21,-0.06178925037384033,8.2
2018-06-22,0.010882675647735596,3.6
2018-06-23,0.003886127471923828,14.4
2018-06-24,-0.27397726774215697,10.0
2018-06-25,-0.08134515881538391,21.8
2018-06-26,-0.28619933128356934,27.2
2018-06-27,0.17559818029403687,2.4
2018-06-28,-0.14921520948410033,116.4
2018-06-29,-0.189410936832428,4.8
2018-06-30,-0.23065928220748902,5.8
2018-07-01,-0.341598379611969,13.6
2018-07-02,-0.014035224914550781,4.2
2018-07-03,0.1807273507118225,7.4
2018-07-04,-0.22460368871688843,8.8
2018-07-05,0.11438142061233521,12.4
2018-07-06,0.2684905886650085,10.4
2018-07-07,-0.1832521915435791,4.8
2018-07-08,-0.40309795141220095,9.4
2018-07-09,-0.4536753535270691,6.6
2018-07-10,-0.30590524673461916,7.2
2018-07-11,-0.37709707021713257,14.8
2018-07-12,0.23203916549682618,6.4
2018-07-13,-0.07658674716949462,33.4
2018-07-14,-0.16728004217147827,5.4
2018-07-15,-0.3503507971763611,11.2
2018-07-16,-0.014231860637664795,3.4
2018-07-17,0.0830776572227478,12.4
2018-07-18,-0.09553192257881164,3.8
2018-07-19,-0.47869411706924436,20.0
2018-07-20,-0.1565684199333191,3.8
2018-07-21,-0.11236125230789185,6.8
2018-07-22,-0.5612256407737732,22.0
2018-07-23,-0.26180802583694457,10.2
2018-07-24,0.15041978359222413,5.8
2018-07-25,-0.18609310388565065,10.2
2018-07-26,0.0,4.2
2018-07-27,0.36080102920532225,5.4
2018-07-28,-0.13107733726501464,20.8
2018-07-29,0.10622972249984741,26.0
2018-07-30,0.029243344068527223,17.0
2018-07-31,-0.46928340196609497,28.8
2018-08-01,-0.22575579285621644,6.4
2018-08-02,-0.1710874080657959,14.8
2018-08-03,-0.5768548429012299,5.8
2018-08-04,-0.17505929470062256,8.4
2018-08-05,-0.3132461428642273,7.4
2018-08-06,0.0,13.8
2018-08-07,0.2995681166648865,10.4
2018-08-08,0.1697351336479187,52.4
2018-08-09,-0.08104913234710694,16.4
2018-08-10,0.005872774124145508,25.0
2018-08-11,-0.2640344500541687,4.6
2018-08-12,-0.29454890489578245,9.0
2018-08-13,-0.2758892893791199,15.0
2018-08-14,0.1023025393486023,17.0
2018-08-15,-0.399224317073822,11.6
2018-08-16,-0.16402819156646728,18.4
2018-08-17,-0.15092120170593262,4.2
2018-08-18,-0.2810466647148132,4.0
2018-08-19,-0.2922587275505066,8.6
2018-08-20,-0.3163305103778839,20.0
2018-08-21,0.00017336010932922363,20.0
2018-08-22,0.38028345108032224,5.6
2018-08-23,-0.2810945868492126,4.4
2018-08-24,-0.21687450408935546,16.0
2018-08-25,-0.10670439004898072,3.4
2018-08-26,-0.47501087188720703,17.0
2018-08-27,0.11450836658477784,9.6
2018-08-28,-0.1989237606525421,17.0
2018-08-29,-0.13295478820800782,8.4
2018-08-30,0.1712744116783142,4.8
2018-08-31,0.05282622575759888,4.8
2018-09-01,-0.23226399421691896,8.6
2018-09-02,-0.04058408737182617,6.6
2018-09-03,0.0153589129447937,15.4
2018-09-04,0.16392980813980101,12.8
2018-09-05,-0.5720303893089295,13.8
2018-09-06,0.2560383141040802,4.2
2018-09-07,-0.00874936580657959,5.8
2018-09-08,-0.04948748350143432,24.2
2018-09-09,-0.37027251720428467,22.6
2018-09-10,0.16017211675643922,2.8
2018-09-11,-0.003178822994232178,5.0
2018-09-12,0.35403231382369993,7.2
2018-09-13,0.0,10.6
2018-09-14,0.06047214269638061,33.6
2018-09-15,-0.2351270079612732,12.6
2018-09-16,0.06251829862594604,4.6
2018-09-17,-0.14506168365478517,17.4
2018-09-18,0.04608793258666992,15.8
2018-09-19,0.029214370250701904,11.8
2018-09-20,0.2821883916854858,5.6
2018-09-21,0.273309600353241,8.2
2018-09-22,-0.2200006365776062,14.2
2018-09-23,-0.23165954351425172,5.6
2018-09-24,-0.4881315231323242,15.6
2018-09-25,0.15432464480400085,6.0
2018-09-26,0.10318632125854492,3.2
2018-09-27,-0.08497207164764405,4.0
2018-09-28,-0.3878282308578491,11.8
2018-09-29,-0.1288163661956787,8.2
2018-09-30,-0.302746057510376,40.4
2018-10-01,-0.11758180856704711,10.4
2018-10-02,0.32935481071472167,8.6
2018-10-03,0.0,7.6
2018-10-04,-0.533141839504242,53.6
2018-10-05,0.18759582042694092,4.0
2018-10-06,-0.31506465673446654,2.8
2018-10-07,0.0325163722038269,16.8
2018-10-08,-0.3129462242126465,4.8
2018-10-09,-0.2842021226882935,4.4
2018-10-10,-0.136961030960083,10.8
2018-10-11,-0.1977924585342407,8.4
2018-10-12,-0.23169422149658203,7.6
2018-10-13,0.2925493478775024,3.4
2018-10-14,-0.2467151999473572,8.2
2018-10-15,-0.5027683258056641,5.0
2018-10-16,-0.07548197507858276,21.0
2018-10-17,-0.4284058213233948,6.8
2018-10-18,-0.03422400951385498,3.6
2018-10-19,-0.24930671453475953,3.0
2018-10-20,0.039963483810424805,10.8
2018-10-21,-0.10989052057266235,8.2
2018-10-22,-0.086551833152771,9.2
2018-10-23,0.27746050953865053,3.6
2018-10-24,-0.07655107975006104,6.6
2018-10-25,-0.4348667860031128,9.0
2018-10-26,0.3154341995716095,5.0
2018-10-27,-0.02970902919769287,23.2
2018-10-28,-0.346278703212738,23.0
2018-10-29,-0.2626210629940033,7.4
2018-10-30,0.08568068742752075,5.2
2018-10-31,-0.5382915258407592,14.4
2018-11-01,-0.2439483642578125,4.2
2018-11-02,-0.33131502866744994,17.6
2018-11-03,0.2448045015335083,17.4
2018-11-04,-0.28490362167358396,11.4
2018-11-05,-0.24057079553604127,11.0
2018-11-06,-0.2535076022148132,3.6
2018-11-07,0.0,8.6
2018-11-08,-0.364930260181427,78.2
2018-11-09,-0.32488045692443845,8.2
2018-11-10,-0.48629180192947385,38.2
2018-11-11,-0.21413651704788209,6.0
2018-11-12,0.1856490731239319,6.6
2018-11-13,-0.6486940443515777,6.6
2018-11-14,-0.2040109634399414,17.8
2018-11-15,0.10457285642623901,4.6
2018-11-16,-0.09632083177566528,3.4
2018-11-17,-0.44543049335479734,3.4
2018-11-18,0.18982399702072145,8.4
2018-11-19,0.17606351375579835,5.6
2018-11-20,0.11097652912139892,4.4
2018-11-21,0.0,3.4
2018-11-22,-0.5510036468505859,18.6
2018-11-23,-0.05499230027198791,7.0
2018-11-24,-0.2446246027946472,7.8
2018-11-25,0.22887006998062134,12.4
2018-11-26,0.06819132566452027,8.6
2018-11-27,-0.017352139949798583,11.0
2018-11-28,-0.23604083061218262,4.2
2018-11-29,-0.1550515651702881,4.2
2018-11-30,-0.1664661169052124,9.8
2018-12-01,-0.1479320764541626,41.8
2018-12-02,0.0,5.0
2018-12-03,0.026390963792800905,3.6
2018-12-04,-0.15373255014419557,4.2
2018-12-05,-0.004399347305297852,8.2
2018-12-06,-0.13973169326782225,8.8
2018-12-07,0.09397392868995666,5.4
2018-12-08,-0.5357656121253968,10.2
2018-12-09,-0.2558708906173706,16.8
2018-12-10,-0.2408478379249573,29.0
2018-12-11,-0.20333808064460754,7.2
2018-12-12,-0.1550342082977295,5.6
2018-12-13,-0.6138893008232117,5.8
2018-12-14,-0.18366016149520875,10.2
2018-12-15,-0.5465899229049682,6.6
2018-12-16,-0.41341480016708376,13.2
2018-12-17,-0.0018164396286010742,4.0
2018-12-18,0.0,7.0
2018-12-19,-0.6714954972267151,6.4
2018-12-20,-0.31237542629241943,8.2
2018-12-21,-0.09329409003257752,5.2
2018-12-22,-0.06488264799118042,13.2
2018-12-23,-0.4127965569496155,14.0
2018-12-24,-0.6125563740730285,3.6
2018-12-25,0.35267325639724734,15.2
2018-12-26,-0.2556365966796875,5.2
2018-12-27,0.07198861837387086,8.4
2018-12-28,-0.28397058248519896,3.0
2018-12-29,-0.16215707063674928,8.2
2018-12-30,0.0920192301273346,9.4
2018-12-31,-0.41960906982421875,6.0
2019-01-01,-0.17643970251083374,15.2
2019-01-02,-0.25746448040008546,14.8
2019-01-03,-0.5245050072669983,6.2
2019-01-04,0.19255920648574829,3.6
2019-01-05,-0.077274751663208,13.0
2019-01-06,-0.007798480987548828,15.4
2019-01-07,-0.03065701723098755,6.0
2019-01-08,0.05264050960540771,6.6
2019-01-09,-0.177420711517334,4.2
2019-01-10,0.5456476330757141,17.8
2019-01-11,0.0,19.2
2019-01-12,0.25324918031692506,9.4
2019-01-13,-0.42395591735839844,16.8
2019-01-14,0.0,6.8
2019-01-15,-0.5335924863815308,9.2
2019-01-16,-0.4437332570552826,6.6
2019-01-17,-0.2180875778198242,6.4
2019-01-18,0.08510326743125915,13.0
2019-01-19,0.11336346864700317,63.6
2019-01-20,-0.20063324570655822,35.8
2019-01-21,-0.2321110486984253,4.0
2019-01-22,-0.31619538068771363,24.6
2019-01-23,0.04254623651504517,53.4
2019-01-24,-0.11724413633346557,6.0
2019-01-25,-0.1694153904914856,8.4
2019-01-26,0.0,8.4
2019-01-27,-0.2895622968673706,15.8
2019-01-28,-0.33609517812728884,6.8
2019-01-29,-0.33103017807006835,6.4
2019-01-30,-0.019705307483673096,3.8
2019-01-31,-0.6099588513374329,13.0
2019-02-01,-0.17095608711242677,4.2
2019-02-02,0.1691717743873596,3.2
2019-02-03,-0.05780514478683472,4.6
2019-02-04,-0.2155939221382141,4.4
2019-02-05,-0.5428038835525513,4.2
2019-02-06,-0.20144290924072267,7.2
2019-02-07,0.027722370624542237,6.2
2019-02-08,-0.1619691252708435,87.8
2019-02-09,-0.34087592363357544,21.0
2019-02-10,-0.1655285358428955,4.0
2019-02-11,-0.4342664837837219,14.4
2019-02-12,-0.1065510630607605,2.8
2019-02-13,0.4220431923866272,3.4
2019-02-14,-0.09683161973953247,5.2
2019-02-15,-0.0023604869842529298,4.2
2019-02-16,0.18705707788467407,5.0
2019-02-17,-0.28922396898269653,3.6
2019-02-18,-0.4948552370071411,5.8
2019-02-19,-0.0615156352519989,7.4
2019-02-20,-0.31439273357391356,5.2
2019-02-21,-0.16673009395599364,18.0
2019-02-22,0.2772400140762329,7.8
2019-02-23,0.34453774690628053,6.6
2019-02-24,-0.41417219638824465,184.4
2019-02-25,-0.01447744369506836,3.0
2019-02-26,0.15543113946914672,10.2
2019-02-27,-0.18414489030838013,45.4
2019-02-28,-0.06497864723205567,4.0
2019-03-01,0.13612279891967774,3.8
2019-03-02,-0.09125581979751587,4.4
2019-03-03,-0.5319585561752319,7.2
2019-03-04,0.051198291778564456,4.4
2019-03-05,0.19504246711730958,4.6
2019-03-06,-0.1651075601577759,7.2
2019-03-07,-0.14483792781829835,5.0
2019-03-08,-0.456120228767395,8.8
2019-03-09,-0.3209717273712158,6.2
2019-03-10,-0.2673142790794373,7.4
2019-03-11,0.1183098554611206,10.8
2019-03-12,-0.3806224226951599,7.6
2019-03-13,0.31391239166259766,5.2
2019-03-14,-0.28683318495750426,5.0
2019-03-15,-0.1878443479537964,7.4
2019-03-16,-0.24734208583831788,5.2
2019-03-17,-0.18104480504989623,6.6
2019-03-18,0.04821082353591919,6.6
2019-03-19,-0.16883134841918945,2.6
2019-03-20,0.1924513101577759,2.6
2019-03-21,-0.28426485061645507,6.2
2019-03-22,0.23812962770462037,7.6
2019-03-23,0.1389070510864258,31.2
2019-03-24,-0.025963401794433592,4.4
2019-03-25,-0.14838171005249023,6.2
2019-03-26,-0.24673752784729003,7.8
2019-03-27,0.18094098567962646,6.4
2019-03-28,-0.07859771251678467,34.8
2019-03-29,-0.3486341118812561,2.6
2019-03-30,-0.3634025573730469,12.2
2019-03-31,-0.019352328777313233,6.0
2019-04-01,-0.27789920568466187,4.4
2019-04-02,-0.25001349449157717,13.8
2019-04-03,-0.09190139770507813,3.8
2019-04-04,-0.058522260189056395,7.2
2019-04-05,-0.12307738065719605,5.0
2019-04-06,-0.3203009724617004,4.0
2019-04-07,-0.44821211099624636,13.6
2019-04-08,-0.2769564867019653,11.0
2019-04-09,-0.6549229621887207,5.6
2019-04-10,-0.5253628969192505,8.0
2019-04-11,-0.33364989161491393,6.0
2019-04-12,0.16941349506378173,6.0
2019-04-13,-0.4611526370048523,6.6
2019-04-14,-0.19125261306762695,5.0
2019-04-15,0.0002433180809020996,4.4
2019-04-16,-0.3510118961334229,4.0
2019-04-17,-0.18174459934234619,2.6
2019-04-18,0.008442258834838868,3.2
2019-04-19,-0.5288281083106995,4.0
2019-04-20,-0.09985874891281128,41.0
2019-04-21,-0.05807963013648987,8.0
2019-04-22,0.3845442533493042,3.0
2019-04-23,0.3473279595375061,15.0
2019-04-24,0.12367379665374756,3.2
2019-04-25,0.10138263702392578,4.8
2019-04-26,-0.3369871020317078,7.8
2019-04-27,-0.1710101842880249,6.0
2019-04-28,-0.17311863899230956,14.0
2019-04-29,0.004808962345123291,5.4
2019-04-30,-0.17543797492980956,4.6
2019-05-01,-0.06116457581520081,3.8
2019-05-02,0.0382784366607666,5.0
2019-05-03,-0.2828579664230347,5.2
2019-05-04,0.0,13.8
2019-05-05,-0.240114963054657,25.8
2019-05-06,-0.09316161870956421,7.0
2019-05-07,-0.22175060510635375,3.8
2019-05-08,-0.4276414394378662,7.8
2019-05-09,-0.22879769802093505,4.6
2019-05-10,0.13908263444900512,9.2
2019-05-11,-0.15913809537887574,11.4
2019-05-12,-0.1741745352745056,4.0
2019-05-13,-0.516072565317154,5.2
2019-05-14,-0.11053506731986999,21.2
2019-05-15,-0.28496294021606444,5.4
2019-05-16,-0.0012066245079040527,2.6
2019-05-17,0.04551771879196167,4.4
2019-05-18,0.09827359914779663,10.4
2019-05-19,-0.11496480703353881,3.2
2019-05-20,-0.09802632927894592,12.6
2019-05-21,0.26039695739746094,5.0
2019-05-22,0.08387766480445862,6.4
2019-05-23,-0.15111804008483887,3.0
2019-05-24,-0.13842873573303222,4.2
2019-05-25,-0.24287446737289428,7.6
2019-05-26,-0.27476359605789186,23.2
2019-05-27,-0.03429014682769775,3.4
2019-05-28,-0.26473528146743774,6.0
2019-05-29,-0.08804453611373901,11.2
2019-05-30,-0.43210084438323976,7.4
2019-05-31,-0.15301744937896727,6.8
2019-06-01,-0.1646952211856842,8.6
2019-06-02,-0.3138622879981995,7.6
2019-06-03,-0.07724782228469848,3.4
2019-06-04,-0.4188576817512512,4.6
2019-06-05,-0.2845389246940613,2.8
2019-06-06,-0.23937219977378846,4.0
2019-06-07,-0.1727653980255127,19.2
2019-06-08,-0.2789080381393433,6.0
2019-06-09,-0.2694083333015442,11.8
2019-06-10,-0.14031572341918946,3.8
2019-06-11,-0.5412233233451843,7.2
2019-06-12,-0.19114848375320434,5.0
2019-06-13,-0.4304912567138672,4.2
2019-06-14,-0.15832295417785644,3.0
2019-06-15,-0.02783447504043579,7.4
2019-06-16,0.2659093141555786,13.0
2019-06-17,-0.3686715364456177,2.6
2019-06-18,-0.21388741731643676,9.4
2019-06-19,-0.28501641750335693,6.4
2019-06-20,-0.1640131115913391,3.6
2019-06-21,-0.03940126895904541,7.8
2019-06-22,-0.016740787029266357,4.4
2019-06-23,-0.5158221483230591,59.6
2019-06-24,0.0,3.4
2019-06-25,0.29130001068115235,3.4
2019-06-26,-0.04034438133239746,4.6
2019-06-27,-0.00688246488571167,9.8
2019-06-28,-0.09863903522491455,5.4
2019-06-29,0.11427160501480102,6.8
2019-06-30,-0.3390918135643005,7.8
2019-07-01,-0.20726304054260253,5.2
2019-07-02,-0.11662606000900269,5.4
2019-07-03,-0.29382174015045165,2.8
2019-07-04,-0.23155466318130494,3.4
2019-07-05,-0.05509085655212402,3.8
2019-07-06,-0.24702022075653077,5.2
2019-07-07,-0.02743518352508545,11.2
2019-07-08,-0.43745245933532717,4.2
2019-07-09,-0.07068309783935547,7.6
2019-07-10,-0.1453729033470154,3.2
2019-07-11,-0.4182389736175537,3.6
2019-07-12,0.05456042289733887,7.4
2019-07-13,0.0,7.8
2019-07-14,-0.4748286485671997,10.2
2019-07-15,0.09900295734405518,3.4
2019-07-16,0.2675389051437378,6.6
2019-07-17,-0.012140262126922607,5.0
2019-07-18,-0.3426822543144226,4.6
2019-07-19,0.0,9.8
2019-07-20,0.0,11.8
2019-07-21,-0.017458641529083253,11.4
2019-07-22,-0.1500926971435547,12.8
2019-07-23,-0.2830404996871948,14.6
2019-07-24,-0.1849225640296936,4.6
2019-07-25,-0.6368282079696655,5.4
2019-07-26,-0.28892149925231936,8.6
2019-07-27,-0.2789394497871399,51.2
2019-07-28,0.0661892294883728,5.0
2019-07-29,-0.5506517887115479,7.2
2019-07-30,-0.27626959085464475,4.2
2019-07-31,0.0,12.0
2019-08-01,-0.19103118181228637,3.2
2019-08-02,-0.4948035717010498,10.2
2019-08-03,-0.34984575510025023,3.8
2019-08-04,-0.175370991230011,3.6
2019-08-05,-0.18292043209075928,3.8
2019-08-06,-0.468849903345108,3.6
2019-08-07,0.046863090991973874,16.6
2019-08-08,-0.3131172895431519,3.8
2019-08-09,-0.07876303195953369,3.2
2019-08-10,-0.12180306911468505,10.8
2019-08-11,-0.3862573027610779,7.0
2019-08-12,-0.4899522542953491,4.8
2019-08-13,-0.08141870498657226,12.4
2019-08-14,0.031189632415771485,13.2
2019-08-15,0.23050800561904908,7.6
2019-08-16,0.004317760467529297,2.4
2019-08-17,-0.4476990938186646,5.8
2019-08-18,-0.6584558367729187,5.0
2019-08-19,0.1460195541381836,3.0
2019-08-20,-0.5005694270133972,5.2
2019-08-21,0.008215725421905518,2.8
2019-08-22,-0.15408248901367189,2.8
2019-08-23,-0.3587753176689148,3.4
2019-08-24,-0.06186535358428955,8.8
2019-08-25,-0.22805569171905518,3.4
2019-08-26,-0.08127474784851074,8.0
2019-08-27,0.14009518623352052,10.0
2019-08-28,-0.633745265007019,6.6
2019-08-29,-0.4405493259429932,6.6
2019-08-30,0.08534320592880248,8.0
2019-08-31,-0.5456676006317138,9.4
2019-09-01,0.1444616436958313,3.0
2019-09-02,-0.23458269834518433,3.0
2019-09-03,-0.19600982069969178,5.4
2019-09-04,-0.6656632542610168,4.6
2019-09-05,-0.2735108554363251,3.0
2019-09-06,-0.15737199783325195,2.6
2019-09-07,0.037096381187438965,5.4
2019-09-08,-0.0821378469467163,5.0
2019-09-09,-0.2636505126953125,4.4
2019-09-10,-0.3082641243934631,4.2
2019-09-11,0.06998124718666077,3.8
2019-09-12,-0.19241166710853577,7.0
2019-09-13,0.134243905544281,8.4
2019-09-14,0.05730541944503784,7.0
2019-09-15,-0.13018286228179932,3.0
2019-09-16,-0.15260847806930541,4.4
2019-09-17,-0.0909568190574646,3.6
2019-09-18,0.17615588903427123,7.4
2019-09-19,-0.1814720392227173,6.2
2019-09-20,0.007652962207794189,5.4
2019-09-21,-0.18066806793212892,9.0
2019-09-22,-0.5506063103675842,6.4
2019-09-23,-0.32759096622467043,10.8
2019-09-24,-0.6404337048530578,31.2
2019-09-25,-0.11429955959320068,3.4
2019-09-26,-0.16187679767608643,7.0
2019-09-27,-0.5190272688865661,2.4
2019-09-28,-0.5128018498420716,8.8
2019-09-29,-0.3005914926528931,4.4
2019-09-30,-0.26481951475143434,6.4
2019-10-01,-0.42430862188339236,3.4
2019-10-02,-0.1480106830596924,3.8
2019-10-03,-0.2871974349021912,5.8
2019-10-04,-0.35287774801254274,4.4
2019-10-05,-0.2603063225746155,10.4
2019-10-06,-0.1600000023841858,4.6
2019-10-07,-0.3893205881118774,8.2
2019-10-08,-0.06230028867721558,6.0
2019-10-09,-0.31780539751052855,4.4
2019-10-10,0.0,4.0
2019-10-11,-0.47727797031402586,9.6
2019-10-12,-0.14628533124923707,22.4
2019-10-13,-0.18766727447509765,6.0
2019-10-14,-0.028180861473083497,4.0
2019-10-15,-0.2955332398414612,5.0
2019-10-16,-0.3736620306968689,3.8
2019-10-17,0.13105709552764894,4.2
2019-10-18,-0.09960761070251464,3.2
2019-10-19,0.32089380025863645,3.6
2019-10-20,-0.05636165142059326,22.2
2019-10-21,-0.08676379919052124,3.8
2019-10-22,0.19479212760925294,2.4
2019-10-23,-0.13649475574493408,8.8
2019-10-24,0.35394916534423826,3.4
2019-10-25,-0.49073315858840943,5.4
2019-10-26,-0.05489678382873535,12.0
2019-10-27,0.10082172155380249,4.4
2019-10-28,-0.2971177101135254,8.8
2019-10-29,-0.11243906021118164,13.0
2019-10-30,0.5146792650222778,10.8
2019-10-31,-0.18230020999908447,11.4
2019-11-01,0.13232581615447997,10.4
2019-11-02,-0.08535151481628418,2.8
2019-11-03,0.05273329019546509,8.0
2019-11-04,0.24080382585525512,6.6
2019-11-05,0.4386228799819946,4.8
2019-11-06,-0.1666191339492798,3.8
2019-11-07,0.21059168577194215,3.8
2019-11-08,-0.2714033961296082,7.2
2019-11-09,-0.21787614822387696,8.0
2019-11-10,-0.27641174793243406,21.8
2019-11-11,-0.35442992448806765,23.6
2019-11-12,-0.20875203609466553,5.0
2019-11-13,-0.21140872240066527,9.6
2019-11-14,-0.6230309486389161,3.2
2019-11-15,-0.08396021127700806,5.8
2019-11-16,-0.26423134803771975,7.0
2019-11-17,-0.33302743434906007,7.6
2019-11-18,-8.856058120727539e-05,4.4
2019-11-19,-0.2972051024436951,46.2
2019-11-20,-0.08978408575057983,4.8
2019-11-21,-0.33257830142974854,4.8
2019-11-22,0.12471771240234375,16.0
2019-11-23,-0.42981561422348025,26.6
2019-11-24,-0.2141928791999817,7.6
2019-11-25,-0.09815891981124877,4.6
2019-11-26,-0.3930107831954956,3.2
2019-11-27,-0.012194412946701049,6.2
2019-11-28,-0.3400964379310608,2.6
2019-11-29,-0.24985230565071107,12.8
2019-11-30,0.15583906173706055,165.4
2019-12-01,-0.04617429971694946,246.2
2019-12-02,-0.1303170919418335,39.0
2019-12-03,0.014966773986816406,2.8
2019-12-04,-0.3882548987865448,8.4
2019-12-05,0.337430477142334,10.2
2019-12-06,-0.20081698298454284,4.0
2019-12-07,-0.2767337203025818,4.2
2019-12-08,0.3941687226295471,37.0
2019-12-09,-0.21487752199172974,7.0
2019-12-10,-0.5156096339225769,31.2
2019-12-11,-0.19149502515792846,3.4
2019-12-12,-0.39139134883880616,3.0
2019-12-13,-0.3314796268939972,5.2
2019-12-14,-0.15013406276702881,5.8
2019-12-15,-0.41634799242019654,4.2
2019-12-16,-0.30181647539138795,2.8
2019-12-17,-0.4179343104362488,9.2
2019-12-18,-0.017010337114334105,4.0
2019-12-19,-0.20123116970062255,3.8
2019-12-20,0.06031968593597412,7.2
2019-12-21,0.10322326421737671,6.6
2019-12-22,-0.49913454055786133,3.8
2019-12-23,-0.33352830410003664,3.6
2019-12-24,-0.2969151496887207,5.0
2019-12-25,-0.40080307722091674,6.4
2019-12-26,-0.2507896602153778,3.6
2019-12-27,0.03738113641738892,43.0
2019-12-28,-0.10675150752067566,34.6
2019-12-29,-0.09330254793167114,14.6
2019-12-30,-0.3001365542411804,5.4
2019-12-31,-0.6878988385200501,8.8
2020-01-01,-0.11979345083236695,15.6
2020-01-02,-0.10103406906127929,13.6
2020-01-03,0.12346373796463013,20.0
2020-01-04,-0.35385138988494874,3.6
2020-01-05,-0.3070054054260254,3.2
2020-01-06,0.047808748483657834,7.8
2020-01-07,-0.3211922287940979,3.8
2020-01-08,-0.5155683875083923,4.2
2020-01-09,-0.1934286117553711,6.6
2020-01-10,-0.09712005853652954,6.4
2020-01-11,-0.00892401933670044,5.6
2020-01-12,0.0,5.2
2020-01-13,-0.21959134340286254,62.6
2020-01-14,0.1682669997215271,18.2
2020-01-15,-0.4361598253250122,14.0
2020-01-16,-0.0931006908416748,7.0
2020-01-17,0.05074985027313232,25.2
2020-01-18,0.10443222522735596,6.0
2020-01-19,-0.07732465267181396,3.0
2020-01-20,-0.02813032865524292,3.2
2020-01-21,-0.13249202966690063,2.8
2020-01-22,-0.18088145256042482,3.0
2020-01-23,-0.23463573455810546,7.4
2020-01-24,-0.13979620933532716,4.8
2020-01-25,-0.4830866575241089,14.2
2020-01-26,0.2859404802322388,7.6
2020-01-27,0.28681992292404174,6.8
2020-01-28,-0.4448624014854431,4.0
2020-01-29,-0.25170705318450926,3.0
2020-01-30,0.1814033031463623,73.6
2020-01-31,-0.5674603700637817,6.6
2020-02-01,-0.04139663577079773,3.0
2020-02-02,-0.30104339122772217,9.0
2020-02-03,-0.09404980540275573,4.0
2020-02-04,-0.2201666235923767,5.0
2020-02-05,-0.06314414739608765,3.8
2020-02-06,0.12200189232826233,2.4
2020-02-07,-0.025870692729949952,3.2
2020-02-08,0.19101424217224122,3.6
2020-02-09,-0.24126126766204833,10.2
2020-02-10,0.12871975898742677,122.4
2020-02-11,-0.36010860204696654,9.6
2020-02-12,-0.08725898265838623,19.0
2020-02-13,-0.08888306021690369,24.6
2020-02-14,0.2087952971458435,4.0
2020-02-15,-0.2792431592941284,5.4
2020-02-16,0.18223825693130494,5.4
2020-02-17,0.19724296331405639,4.6
2020-02-18,-0.40286587476730346,4.0
2020-02-19,-0.05284507274627685,6.6
2020-02-20,-0.02194104194641113,2.8
2020-02-21,-0.3342962980270386,2.0
2020-02-22,-0.21004265546798706,19.2
2020-02-23,-0.6546566486358643,3.4
2020-02-24,-0.5937631607055665,3.6
2020-02-25,-0.18428088426589967,3.8
2020-02-26,-0.2813631534576416,4.6
2020-02-27,0.1414361596107483,10.0
2020-02-28,0.024518465995788573,4.2
2020-02-29,-0.10366955995559693,11.0
2020-03-01,-0.24707361459732055,6.6
2020-03-02,-0.4549525260925293,6.6
2020-03-03,-0.4291170597076416,8.8
2020-03-04,-0.6198107481002808,5.0
2020-03-05,0.16040557622909546,2.2
2020-03-06,-0.15447953939437867,5.2
2020-03-07,-0.37069388628005984,4.8
2020-03-08,-0.1301643431186676,16.4
2020-03-09,-0.3048901677131653,3.8
2020-03-10,0.13626588582992555,4.0
2020-03-11,0.19016457796096803,15.8
2020-03-12,0.35860886573791506,2.4
2020-03-13,0.023266696929931642,4.2
2020-03-14,-0.12865800857543946,5.4
2020-03-15,-0.18617299795150757,3.4
2020-03-16,-0.3036775588989258,3.4
2020-03-17,-0.025861120223999022,3.4
2020-03-18,-0.4614011287689209,4.4
2020-03-19,-0.17341762781143188,3.6
2020-03-20,0.0,2.8
2020-03-21,0.1595825433731079,5.0
2020-03-22,0.07596749067306519,7.4
2020-03-23,-0.3486477375030518,18.8
2020-03-24,-0.19220080375671386,26.8
2020-03-25,-0.23138428926467897,4.2
2020-03-26,-0.29268430471420287,6.0
2020-03-27,-0.35654463768005373,6.8
2020-03-28,-0.3061448633670807,6.0
2020-03-29,-0.42480977773666384,7.6
2020-03-30,-0.06050736904144287,20.0
2020-03-31,-0.168769907951355,14.4
2020-04-01,-0.37519769072532655,5.2
2020-04-02,-0.019551634788513184,3.4
2020-04-03,0.2939316987991333,4.4
2020-04-04,-0.3632125437259674,5.2
2020-04-05,-0.2239670991897583,5.4
2020-04-06,-0.6025500774383545,9.0
2020-04-07,0.2639477014541626,11.8
2020-04-08,-0.3295315384864807,4.0
2020-04-09,0.09067764282226562,2.6
2020-04-10,-0.4146232604980469,9.8
2020-04-11,0.014030802249908447,4.2
2020-04-12,-0.3319135308265686,2.8
2020-04-13,-0.6137213230133056,4.0
2020-04-14,-0.3923148036003113,9.4
2020-04-15,-0.18314602375030517,3.6
2020-04-16,-0.33725268840789796,3.0
2020-04-17,-0.3702372908592224,3.8
2020-04-18,-0.021972250938415528,4.2
2020-04-19,-0.7818741798400879,17.0
2020-04-20,-0.31175764799118044,2.6
2020-04-21,-0.2608965992927551,10.6
2020-04-22,-0.29803833961486814,5.2
2020-04-23,-0.4414921998977661,3.2
2020-04-24,0.254346227645874,3.0
2020-04-25,-0.5736872673034668,5.8
2020-04-26,-0.11637642383575439,13.8
2020-04-27,-0.12002168893814087,4.2
2020-04-28,-0.13955602645874024,3.4
2020-04-29,0.02959374189376831,4.2
2020-04-30,-0.31558979749679567,19.8
2020-05-01,-0.18827393054962158,16.0
2020-05-02,-0.14473894834518433,3.8
2020-05-03,-0.07306787967681885,2.2
2020-05-04,0.2583316922187805,4.6
2020-05-05,0.10187854766845703,2.4
2020-05-06,0.14703365564346313,8.0
2020-05-07,-0.11446859836578369,9.2
2020-05-08,0.028709685802459715,3.0
2020-05-09,-0.22280452847480775,15.6
2020-05-10,-0.28252124786376953,4.2
2020-05-11,-0.03950629234313965,3.6
2020-05-12,-0.28009811639785764,11.0
2020-05-13,-0.13616307973861694,3.2
2020-05-14,-0.218841814994812,13.6
2020-05-15,-0.015557384490966797,3.2
2020-05-16,-0.27900240421295164,3.8
2020-05-17,-0.28459222316741944,7.8
2020-05-18,-0.09522707462310791,5.0
2020-05-19,-0.3734824776649475,3.0
2020-05-20,-0.6557783007621765,2.8
2020-05-21,-0.3248171806335449,3.0
2020-05-22,-0.2921886742115021,7.0
2020-05-23,-0.38407905101776124,3.6
2020-05-24,-0.46129395961761477,5.2
2020-05-25,-0.6366773962974548,16.4
2020-05-26,0.3320541620254517,15.2
2020-05-27,0.14241060018539428,3.6
2020-05-28,-0.23612039685249328,4.8
2020-05-29,-0.39199639558792115,7.2
2020-05-30,-0.27897518277168276,4.8
2020-05-31,0.10394704341888428,3.8
2020-06-01,-0.6206967830657959,5.0
2020-06-02,-0.09455896615982055,4.2
2020-06-03,-0.09328218698501586,8.6
2020-06-04,-0.171652090549469,5.6
2020-06-05,-0.4000238060951233,8.4
2020-06-06,-0.4872608661651611,4.4
2020-06-07,-0.14580562114715576,4.0
2020-06-08,0.19456014633178711,6.0
2020-06-09,-0.3727626085281372,3.8
2020-06-10,0.004175138473510742,3.6
2020-06-11,-0.31741894483566285,4.0
2020-06-12,0.00015398263931274415,19.2
2020-06-13,-0.2794340491294861,5.2
2020-06-14,-0.4032997012138367,7.2
2020-06-15,-0.3109774231910706,12.4
2020-06-16,0.08431079387664794,120.0
2020-06-17,0.11235519647598266,5.8
2020-06-18,-0.5522397994995117,3.6
2020-06-19,-0.0232991099357605,2.6
2020-06-20,-0.32849329710006714,5.2
2020-06-21,-0.2865816354751587,8.6
2020-06-22,-0.07374250888824463,7.4
2020-06-23,-0.39034672975540163,2.2
2020-06-24,-0.5280621469020843,13.2
2020-06-25,-0.26817538738250735,13.4
2020-06-26,-0.09104163646697998,4.0
2020-06-27,-0.3755419015884399,7.0
2020-06-28,-0.10679159164428711,3.2
2020-06-29,-0.38312760591506956,4.6
2020-06-30,-0.07577604055404663,4.8
2020-07-01,-0.30099442005157473,4.2
2020-07-02,0.44028438329696656,6.4
2020-07-03,-0.09947293996810913,2.4
2020-07-04,0.19690678119659424,4.8
2020-07-05,0.09512275457382202,2.6
2020-07-06,-0.01880159378051758,6.2
2020-07-07,-0.4671387910842896,8.6
2020-07-08,0.3600703477859497,4.4
2020-07-09,-0.2388388395309448,2.8
2020-07-10,-0.1316203236579895,3.0
2020-07-11,-0.5326384663581848,6.8
2020-07-12,-0.25255255699157714,9.4
2020-07-13,-0.1696636438369751,2.2
2020-07-14,-0.12855900526046754,48.4
2020-07-15,-0.5660933256149292,12.4
2020-07-16,-0.04661915302276611,4.0
2020-07-17,-0.447163450717926,5.2
2020-07-18,0.3881071090698242,12.8
2020-07-19,-0.27035410404205323,2.6
2020-07-20,-0.1800047755241394,5.4
2020-07-21,-0.6224445819854736,6.6
2020-07-22,0.0,4.6
2020-07-23,-0.02049884796142578,4.4
2020-07-24,0.009464132785797118,3.6
2020-07-25,-0.3269832968711853,4.6
2020-07-26,-0.022532355785369874,5.4
2020-07-27,-0.061876893043518066,4.4
2020-07-28,-0.30680609941482545,4.0
2020-07-29,-0.3601096272468567,7.8
2020-07-30,-0.4841532349586487,6.8
2020-07-31,0.0,3.6
2020-08-01,-0.09635125398635865,3.2
2020-08-02,-0.31496591567993165,4.6
2020-08-03,-0.19415143728256226,4.8
2020-08-04,-0.09973604083061219,9.2
2020-08-05,-0.4505255699157715,7.2
2020-08-06,-0.24448676109313966,2.4
2020-08-07,-0.5919464647769928,5.4
2020-08-08,-0.16857798099517823,5.8
2020-08-09,-0.19367552995681764,4.2
2020-08-10,0.34457173347473147,3.0
2020-08-11,-0.02564636468887329,4.0
2020-08-12,0.12384541034698486,4.2
2020-08-13,-0.41067172288894654,23.4
2020-08-14,-0.2726669549942017,35.6
2020-08-15,-0.40701788663864136,5.4
2020-08-16,-0.3424037456512451,7.6
2020-08-17,0.43046753406524657,9.0
2020-08-18,-0.1841391921043396,2.8
2020-08-19,-0.12921552658081054,5.4
2020-08-20,-0.15090630054473878,4.2
2020-08-21,0.1109700083732605,4.4
2020-08-22,-0.14851635694503784,6.0
2020-08-23,-0.14661797285079955,10.2
2020-08-24,-0.47147504091262815,4.2
2020-08-25,-0.607056051492691,8.4
2020-08-26,-0.060680001974105835,4.4
2020-08-27,0.04942193627357483,15.6
2020-08-28,-0.316614031791687,2.8
2020-08-29,-0.385808265209198,3.4
2020-08-30,0.30075310468673705,6.6
2020-08-31,-0.11869025230407715,2.6
2020-09-01,-0.08684998154640197,3.6
2020-09-02,-0.019793927669525146,4.2
2020-09-03,-0.1780182957649231,23.2
2020-09-04,-0.5579201340675354,23.0
2020-09-05,-0.2367050051689148,6.2
2020-09-06,-0.5882177352905273,9.2
2020-09-07,0.10416384935379028,3.0
2020-09-08,-0.3853161334991455,4.2
2020-09-09,-0.5891947746276855,5.2
2020-09-10,-0.12546203136444092,3.0
2020-09-11,-0.17027037143707274,5.4
2020-09-12,-0.09654788970947266,5.6
2020-09-13,-0.13690134286880493,9.0
2020-09-14,-0.45077770948410034,5.2
2020-09-15,0.09720016717910766,4.0
2020-09-16,-0.5697525262832641,46.8
2020-09-17,-0.5291933536529541,8.0
2020-09-18,-0.1708702802658081,8.8
2020-09-19,-0.14428290128707885,11.0
2020-09-20,-0.15847679376602172,9.0
2020-09-21,-0.3270496606826782,4.0
2020-09-22,-0.7001370191574097,6.2
2020-09-23,0.07927924394607544,2.6
2020-09-24,-0.011037862300872803,2.2
2020-09-25,-0.14634306430816652,7.2
2020-09-26,0.005920571088790893,8.6
2020-09-27,-0.17937328815460205,18.0
2020-09-28,0.19512926340103148,2.8
2020-09-29,-0.27985804080963134,5.0
2020-09-30,-0.15184842348098754,4.6
2020-10-01,-0.457718288898468,5.4
2020-10-02,-0.2889901399612427,6.0
2020-10-03,-0.4351683735847473,4.2
2020-10-04,-0.04553762674331665,6.2
2020-10-05,0.04534876346588135,4.4
2020-10-06,-0.508620274066925,6.8
2020-10-07,-0.28119429349899294,5.0
2020-10-08,-0.21874821186065674,8.0
2020-10-09,-0.24407899379730225,8.4
2020-10-10,-0.020392239093780518,3.8
2020-10-11,-0.16656533479690552,12.8
2020-10-12,-0.20102593898773194,3.2
2020-10-13,0.12392681837081909,31.4
2020-10-14,-0.5467674493789673,7.2
2020-10-15,-0.025696206092834472,5.8
2020-10-16,-0.3415911316871643,7.0
2020-10-17,-0.165655517578125,9.4
2020-10-18,-0.10328730344772338,3.8
2020-10-19,-0.11703383922576904,8.6
2020-10-20,-0.5036712050437927,7.8
2020-10-21,-0.31493314504623415,6.4
2020-10-22,-0.3388535141944885,7.2
2020-10-23,-0.5392062544822693,3.4
2020-10-24,-0.36453847885131835,8.6
2020-10-25,-0.5166882395744323,2.8
2020-10-26,-0.42902944087982176,3.6
2020-10-27,-0.42503896951675413,3.6
2020-10-28,-0.16190524101257325,4.4
2020-10-29,-0.7817425012588501,26.6
2020-10-30,-0.38994402885437013,4.4
2020-10-31,-0.2198612868785858,8.0
2020-11-01,-0.5109046459197998,5.2
2020-11-02,-0.16132526397705077,5.0
2020-11-03,0.19826796650886536,6.0
2020-11-04,-0.1753575921058655,6.6
2020-11-05,-0.21839599013328553,6.6
2020-11-06,0.04352149963378906,5.8
2020-11-07,0.007478845119476318,10.0
2020-11-08,-0.18552308082580565,10.4
2020-11-09,0.10214061737060547,5.4
2020-11-10,-0.41392109394073484,6.0
2020-11-11,-0.32291747331619264,5.8
2020-11-12,-0.0035550832748413087,5.6
2020-11-13,-0.36347126960754395,20.0
2020-11-14,-0.12174551486968994,3.2
2020-11-15,-0.6524229526519776,6.4
2020-11-16,-0.7737288475036621,3.0
2020-11-17,0.4459659457206726,6.6
2020-11-18,-0.4509395360946655,3.4
2020-11-19,-0.2977345108985901,5.2
2020-11-20,-0.03845374584197998,5.0
2020-11-21,-0.31884427070617677,7.6
2020-11-22,-0.41827423572540284,6.2
2020-11-23,-0.1143613338470459,3.4
2020-11-24,0.1667687177658081,3.2
2020-11-25,0.18141279220581055,3.8
2020-11-26,-0.07579929828643799,3.2
2020-11-27,-0.7073748946189881,5.0
2020-11-28,-0.18439892530441285,14.4
2020-11-29,-0.36780424118041993,50.4
2020-11-30,0.013337349891662598,6.0
2020-12-01,0.03805195689201355,4.6
2020-12-02,-0.1408233404159546,8.6
2020-12-03,0.30439231395721433,12.0
2020-12-04,-0.3381307005882263,45.6
2020-12-05,-0.013581228256225587,6.0
2020-12-06,-0.015566086769104004,3.4
2020-12-07,-0.307565975189209,3.0
2020-12-08,-0.2569680452346802,19.6
2020-12-09,-0.2444727122783661,719.8
2020-12-10,-0.24683983325958253,4.4
2020-12-11,-0.43728363513946533,17.4
2020-12-12,-0.5363190412521363,5.4
2020-12-13,0.05996315479278565,16.8
2020-12-14,-0.1730435848236084,5.8
2020-12-15,-0.26411703824996946,16.2
2020-12-16,-0.4760436415672302,2.2
2020-12-17,0.07151853442192077,2.6
2020-12-18,0.1462588667869568,5.2
2020-12-19,-0.37165806293487547,53.8
2020-12-20,0.11598464250564575,3.2
2020-12-21,-0.08280601501464843,2.6
2020-12-22,-0.21962213516235352,3.4
2020-12-23,0.15261949300765992,6.0
2020-12-24,0.09144682884216308,6.4
2020-12-25,0.11567251682281494,5.2
2020-12-26,-0.3185405910015106,4.2
2020-12-27,-0.25985860228538515,6.0
2020-12-28,-0.3560771048069,3.2
2020-12-29,-0.2587969899177551,3.8
2020-12-30,-0.3325822830200195,10.0
2020-12-31,-0.07260236740112305,6.8
2021-01-01,0.15216941833496095,7.2
2021-01-02,-0.3174056768417358,5.0
2021-01-03,-0.2442355513572693,3.0
2021-01-04,-0.08759059309959412,4.4
2021-01-05,-0.5575828492641449,13.6
2021-01-06,-0.06089783906936645,5.2
2021-01-07,0.2781068444252014,24.6
2021-01-08,0.1977609395980835,3.4
2021-01-09,0.012838292121887206,6.6
2021-01-10,0.1779208302497864,50.6
2021-01-11,0.02381579875946045,4.0
2021-01-12,0.15902866125106813,3.4
2021-01-13,-0.30209167003631593,5.0
2021-01-14,-0.028529810905456542,15.0
2021-01-15,-0.3130857706069946,6.0
2021-01-16,-0.1717507004737854,12.2
2021-01-17,-0.33950560092926024,9.4
2021-01-18,-0.10577157735824586,3.8
2021-01-19,-0.19008532762527466,5.8
2021-01-20,0.17292258739471436,10.4
2021-01-21,-0.30938751697540284,5.0
2021-01-22,-0.38824992179870604,28.0
2021-01-23,0.05357781648635864,2.4
2021-01-24,-0.29391380548477175,6.8
2021-01-25,0.17191920280456544,10.6
2021-01-26,0.0,4.0
2021-01-27,-0.22898103594779967,4.8
2021-01-28,0.08244632482528687,4.8
2021-01-29,0.1753432869911194,37.6
2021-01-30,-0.1690624475479126,2.8
2021-01-31,0.24127748012542724,40.6
2021-02-01,-0.15450150966644288,7.0
2021-02-02,-0.6372019410133362,11.6
2021-02-03,-0.5131061673164368,23.8
2021-02-04,-0.08809496164321899,16.8
2021-02-05,0.21584874391555786,4.4
2021-02-06,-0.3417920351028442,7.6
2021-02-07,-0.2678263187408447,12.8
2021-02-08,0.07557494640350342,5.2
2021-02-09,-0.3991466283798218,8.0
2021-02-10,0.008874523639678954,2.8
2021-02-11,0.0670322060585022,4.8
2021-02-12,0.2047895908355713,4.8
2021-02-13,0.15277761220932007,17.2
2021-02-14,0.17790387868881224,9.2
2021-02-15,-0.27092941999435427,11.0
2021-02-16,0.1188735008239746,4.4
2021-02-17,0.014590311050415038,4.2
2021-02-18,-0.5186497688293457,12.8
2021-02-19,0.1947247266769409,8.0
2021-02-20,-0.24188942909240724,37.2
2021-02-21,0.16716685891151428,15.6
2021-02-22,-0.5439664363861084,17.0
2021-02-23,-0.6569156169891357,5.0
2021-02-24,-0.35980355739593506,54.8
2021-02-25,-0.17191848754882813,7.6
2021-02-26,0.14328497052192687,1137.6
2021-02-27,-0.1608699917793274,17.2
2021-02-28,-0.31164281368255614,57.4
2021-03-01,0.36909725666046145,15.2
2021-03-02,0.015717709064483644,7.4
2021-03-03,-0.14064596891403197,3.0
2021-03-04,-0.22457321882247924,9.2
2021-03-05,-0.35304315090179444,5.2
2021-03-06,-0.2858587741851807,12.4
2021-03-07,0.3251881003379822,11.0
2021-03-08,0.022188305854797363,7.8
2021-03-09,0.0,14.2
2021-03-10,-0.3586032807826996,8.8
2021-03-11,0.09489216804504394,19.8
2021-03-12,-0.18353695869445802,69.8
2021-03-13,0.0,3.0
2021-03-14,-0.53789022564888,10.4
2021-03-15,-0.28028607964515684,12.8
2021-03-16,-0.18334733247756957,4.0
2021-03-17,0.03909900188446045,3.8
2021-03-18,-0.1031420350074768,13.2
2021-03-19,-0.03841240406036377,4.0
2021-03-20,0.1952047109603882,16.8
2021-03-21,-0.33197497129440307,7.2
2021-03-22,-0.1560874581336975,6.8
2021-03-23,-0.32988988161087035,4.6
2021-03-24,-0.17131623029708862,8.6
2021-03-25,-0.1516161561012268,9.6
2021-03-26,-0.1645469069480896,8.4
2021-03-27,-0.10158889293670655,53.6
2021-03-28,-0.012524890899658202,3.8
2021-03-29,-0.44768099784851073,3.6
2021-03-30,-0.503801453113556,12.0
2021-03-31,-0.09842051267623901,7.6
2021-04-01,-0.20657291412353515,52.4
2021-04-02,-0.1365939497947693,12.2
2021-04-03,-0.4224713146686554,4.0
2021-04-04,-0.18014672994613648,3.2
2021-04-05,-0.005104982852935791,5.0
2021-04-06,-0.22030652165412903,6.0
2021-04-07,0.19508236646652222,7.8
2021-04-08,0.020097064971923827,8.0
2021-04-09,-0.0018606066703796386,6.4
2021-04-10,-0.04129427671432495,4.4
2021-04-11,-0.11602643728256226,2.6
2021-04-12,-0.19253759384155272,15.0
2021-04-13,-0.33736384510993955,8.0
2021-04-14,0.00038994550704956054,7.0
2021-04-15,0.16302249431610108,4.0
2021-04-16,-0.25115442276000977,5.4
2021-04-17,-0.1389145016670227,12.0
2021-04-18,-0.5812113165855408,5.0
2021-04-19,-0.1230955958366394,6.0
2021-04-20,0.06564042568206788,5.4
2021-04-21,-0.10194839239120483,5.6
2021-04-22,0.20196468234062195,5.0
2021-04-23,-0.10621676445007325,7.4
2021-04-24,-0.11657249927520752,16.6
2021-04-25,-0.17203004360198976,15.2
2021-04-26,-0.4828419923782349,6.8
2021-04-27,0.24508326053619384,7.6
2021-04-28,-0.4953841924667358,5.0
2021-04-29,-0.120484459400177,6.2
2021-04-30,-0.3435918092727661,3.4
2021-05-01,-0.4148467659950256,4.6
2021-05-02,-0.4393501281738281,7.4
2021-05-03,-0.44765686988830566,15.8
2021-05-04,0.003411221504211426,4.0
2021-05-05,-0.049211549758911136,5.4
2021-05-06,-0.6004507184028626,5.2
2021-05-07,-0.40685945749282837,9.8
2021-05-08,-0.4102013349533081,13.0
2021-05-09,-0.5029735207557678,3.6
2021-05-10,-0.5640607237815857,4.2
2021-05-11,-0.5655103325843811,3.4
2021-05-12,-0.0613541841506958,20.4
2021-05-13,-0.1834128737449646,3.8
2021-05-14,0.3518401861190796,5.2
2021-05-15,-0.23621033430099486,34.0
2021-05-16,-0.3453433275222778,16.8
2021-05-17,-0.25141736268997195,9.0
2021-05-18,-0.47160117626190184,16.0
2021-05-19,-0.04032726883888245,4.4
2021-05-20,-0.17434557676315307,3.4
2021-05-21,0.1526946544647217,3.2
2021-05-22,-0.3985783219337463,8.4
2021-05-23,-0.18066893815994262,6.4
2021-05-24,-0.3348860502243042,5.0
2021-05-25,-0.1537562370300293,4.6
2021-05-26,-0.22565218210220336,5.4
2021-05-27,-0.34804590940475466,5.4
2021-05-28,0.2551680445671082,2.4
2021-05-29,0.07136402130126954,2.4
2021-05-30,-0.32270347476005556,4.8
2021-05-31,-0.25208775997161864,6.6
2021-06-01,-0.033970439434051515,5.6
2021-06-02,-0.3729034662246704,9.6
2021-06-03,0.14809281826019288,16.0
2021-06-04,-0.6806923866271972,3.6
2021-06-05,-0.6159932136535644,8.2
2021-06-06,0.3095263600349426,6.8
2021-06-07,0.06017559766769409,11.6
2021-06-08,0.01640070676803589,16.6
2021-06-09,-0.47608556747436526,80.4
2021-06-10,0.14163137674331666,5.4
2021-06-11,-0.009546506404876708,5.6
2021-06-12,0.2886996269226074,9.4
2021-06-13,-0.1723811388015747,6.8
2021-06-14,0.1321505904197693,16.6
2021-06-15,0.10894632339477539,5.8
2021-06-16,-0.1606699824333191,4.4
2021-06-17,-0.06130901575088501,3.6
2021-06-18,-0.39031792879104615,7.0
2021-06-19,0.26293145418167113,11.2
2021-06-20,-0.006168758869171143,5.8
2021-06-21,-0.5643441498279571,8.2
2021-06-22,0.12825548648834229,8.0
2021-06-23,-0.3880684494972229,4.8
2021-06-24,0.3112227082252502,2.8
2021-06-25,-0.28103080987930296,3.6
2021-06-26,0.08814467191696167,2.2
2021-06-27,-0.3164049744606018,3.6
2021-06-28,-0.038976407051086424,59.6
2021-06-29,-0.2490236759185791,11.0
2021-06-30,-0.0008362770080566406,4.4
2021-07-01,-0.05303114652633667,3.4
2021-07-02,0.2540150761604309,5.2
2021-07-03,-0.3693059802055359,4.6
2021-07-04,-0.027520763874053954,5.6
2021-07-05,-0.4980711698532104,5.6
2021-07-06,-0.11596928834915161,3.6
2021-07-07,-0.1538142204284668,4.6
2021-07-08,-0.04660863876342773,5.2
2021-07-09,-0.14379797577857972,6.4
2021-07-10,-0.11566826105117797,6.2
2021-07-11,-0.42437527179718015,12.4
2021-07-12,-0.2501815915107727,430.6
2021-07-13,-0.06217963695526123,4.4
2021-07-14,-0.07474911808967591,4.0
2021-07-15,-0.7972364902496338,4.4
2021-07-16,-0.1510111451148987,25.6
2021-07-17,0.23189384937286378,4.0
2021-07-18,-0.3844770073890686,18.4
2021-07-19,-0.057765865325927736,4.8
2021-07-20,-0.29137353897094725,4.4
2021-07-21,-0.18888161182403565,6.0
2021-07-22,0.2341925859451294,6.6
2021-07-23,-0.040810036659240725,11.0
2021-07-24,-0.0412317156791687,3.8
2021-07-25,-0.28857251405715945,5.6
2021-07-26,-0.5316152691841125,15.4
2021-07-27,0.03313919305801392,3.0
2021-07-28,-0.4025240659713745,15.4
2021-07-29,0.04572803974151611,6.2
2021-07-30,-0.3414676129817963,3.8
2021-07-31,-0.18462175130844116,6.0
2021-08-01,0.08193475008010864,11.4
2021-08-02,-0.05132426023483276,9.0
2021-08-03,-0.2947141766548157,8.0
2021-08-04,-0.41597030162811277,12.0
2021-08-05,0.09479948282241821,3.0
2021-08-06,-0.3089424133300781,5.6
2021-08-07,0.11637727022171021,6.4
2021-08-08,-0.11275219917297363,4.2
2021-08-09,-0.33072571754455565,3.6
2021-08-10,-0.02040443420410156,4.6
2021-08-11,-0.0569327712059021,3.4
2021-08-12,0.04489392042160034,3.6
2021-08-13,0.1146164059638977,26.8
2021-08-14,-0.08718012571334839,2.4
2021-08-15,-0.34924527406692507,6.4
2021-08-16,0.13173158168792726,4.6
2021-08-17,-0.5419321298599243,5.4
2021-08-18,-0.03612614870071411,3.2
2021-08-19,-0.41185626983642576,2.6
2021-08-20,-0.32511483430862426,8.8
2021-08-21,-0.1697698712348938,4.4
2021-08-22,0.0,4.0
2021-08-23,0.06697266697883605,5.0
2021-08-24,-0.4775083661079407,11.4
2021-08-25,-0.3636887788772583,3.0
2021-08-26,-0.015441441535949707,4.4
2021-08-27,0.0724211573600769,5.6
2021-08-28,-0.09719631671905518,5.2
2021-08-29,-0.40570462942123414,5.2
2021-08-30,-0.3603683590888977,6.4
2021-08-31,-0.2783395290374756,4.8
2021-09-01,-0.17868260145187378,4.2
2021-09-02,-0.4329353094100952,2.0
2021-09-03,-0.0080999493598938,5.2
2021-09-04,-0.008184331655502319,5.0
2021-09-05,-0.3456428527832031,6.0
2021-09-06,-0.14141275882720947,13.8
2021-09-07,-0.5779055416584015,4.6
2021-09-08,0.31518040895462035,6.4
2021-09-09,-0.4368369698524475,5.2
2021-09-10,-0.013433599472045898,5.2
2021-09-11,-0.3114166736602783,5.4
2021-09-12,-0.5706733942031861,12.4
2021-09-13,-0.17549967765808105,2.0
2021-09-14,-0.4278338074684143,5.6
2021-09-15,0.2718742847442627,3.8
2021-09-16,0.018130397796630858,5.4
2021-09-17,-0.03649441003799438,2.8
2021-09-18,-0.14968751668930053,16.6
2021-09-19,-0.02599722146987915,5.2
2021-09-20,0.0,19.0
2021-09-21,-0.5694612801074982,54.0
2021-09-22,-0.283672970533371,8.4
2021-09-23,-0.21776216030120848,7.0
2021-09-24,-0.3150890111923218,5.0
2021-09-25,-0.2834184288978577,5.6
2021-09-26,-0.16740573644638063,116.0
2021-09-27,0.2099054992198944,15.0
2021-09-28,-0.39955111742019656,3.0
2021-09-29,0.18928074836730957,5.2
2021-09-30,-0.042427241802215576,4.6
2021-10-01,-0.5938940644264221,4.8
2021-10-02,-0.09522708654403686,12.2
2021-10-03,0.2558621525764465,3.8
2021-10-04,-0.31494114398956297,4.4
2021-10-05,0.2641562342643738,16.2
2021-10-06,0.19373743534088134,8.4
2021-10-07,-0.1042898178100586,3.0
2021-10-08,-0.09611549377441406,6.4
2021-10-09,-0.20616092681884765,4.0
2021-10-10,0.0020685791969299316,3.6
2021-10-11,-0.4441315412521362,4.2
2021-10-12,-0.17278261184692384,2.8
2021-10-13,-0.44564822912216184,3.4
2021-10-14,-0.0671871542930603,2.8
2021-10-15,-0.4028442859649658,4.2
2021-10-16,-0.2673482894897461,9.8
2021-10-17,-0.31670212745666504,6.6
2021-10-18,-0.1608963966369629,2.8
2021-10-19,-0.12695558071136476,6.8
2021-10-20,-0.5665636658668518,2.6
2021-10-21,-0.02459762096405029,5.4
2021-10-22,-0.17390785217285157,6.8
2021-10-23,0.1688222646713257,3.2
2021-10-24,-0.6414160609245301,5.4
2021-10-25,0.06842104196548462,3.0
2021-10-26,-0.2861366868019104,6.0
2021-10-27,0.019917476177215575,4.8
2021-10-28,-0.14198577404022217,5.2
2021-10-29,-0.16167305707931517,7.2
2021-10-30,-0.0837969422340393,4.4
2021-10-31,-0.15668617486953734,11.2
2021-11-01,-0.4882159948348999,7.2
2021-11-02,-0.09763865470886231,4.4
2021-11-03,-0.27588140964508057,4.2
2021-11-04,0.0,22.4
2021-11-05,-0.5319039702415467,15.0
2021-11-06,-0.6292328357696533,16.0
2021-11-07,-0.27940636277198794,3.8
2021-11-08,-0.47815293073654175,5.4
2021-11-09,-0.5669603466987609,19.0
2021-11-10,-0.11495126485824585,3.6
2021-11-11,-0.32014659643173216,9.8
2021-11-12,0.13794409036636351,7.6
2021-11-13,0.12037012577056885,4.8
2021-11-14,-0.327745258808136,21.6
2021-11-15,-0.6708046674728394,10.6
2021-11-16,-0.11471410989761352,4.8
2021-11-17,-0.4550072908401489,4.0
2021-11-18,-0.11145143508911133,6.4
2021-11-19,-0.24682556390762328,4.4
2021-11-20,0.046185004711151126,5.4
2021-11-21,-0.09369181394577027,3.0
2021-11-22,-0.11164641380310059,3.6
2021-11-23,-0.302292799949646,6.0
2021-11-24,-0.15323035717010497,24.4
2021-11-25,-0.24515846967697144,2.8
2021-11-26,-0.2216968297958374,5.2
2021-11-27,-0.28559443950653074,3.4
2021-11-28,0.2834420442581177,21.6
2021-11-29,-0.13704100847244263,3.0
2021-11-30,-0.0906854510307312,9.0
2021-12-01,0.0,8.2
2021-12-02,-0.30128940343856814,4.4
2021-12-03,-0.485015869140625,3.2
2021-12-04,-0.26828407049179076,5.2
2021-12-05,-0.24032148122787475,6.4
2021-12-06,-0.3122624158859253,5.6
2021-12-07,-0.09676859378814698,11.4
2021-12-08,-0.2425477385520935,7.6
2021-12-09,-0.6241591095924377,3.8
2021-12-10,-0.05127866268157959,5.2
2021-12-11,-0.6571353554725647,3.8
2021-12-12,0.1082159161567688,4.8
2021-12-13,-0.43976099491119386,6.4
2021-12-14,-0.32032470703125,5.8
2021-12-15,-0.555577564239502,4.8
2021-12-16,0.49830801486968995,3.6
2021-12-17,-0.04648233652114868,5.2
2021-12-18,-0.22835947275161744,3.2
2021-12-19,-0.035644912719726564,6.2
2021-12-20,-0.6038022518157959,5.2
2021-12-21,0.004668962955474853,3.6
2021-12-22,-0.20080920457839965,6.6
2021-12-23,0.054601848125457764,5.2
2021-12-24,0.23549375534057618,2.4
2021-12-25,-0.08969497680664062,5.6
2021-12-26,0.1717114806175232,8.4
2021-12-27,0.12282053232192994,6.0
2021-12-28,-0.298363995552063,4.2
2021-12-29,0.05144073963165283,162.4
2021-12-30,-0.13696848154067992,6.4
2021-12-31,-0.14645278453826904,7.2
2022-01-01,-0.10216790437698364,4.4
2022-01-02,-0.3190692663192749,7.8
2022-01-03,-0.04496644735336304,5.6
2022-01-04,-0.1791551113128662,3.8
2022-01-05,-0.2606857120990753,4.0
2022-01-06,0.19521172046661378,5.8
2022-01-07,-0.3768858551979065,7.4
2022-01-08,-0.25627176761627196,3.8
2022-01-09,-0.49321368932723997,19.4
2022-01-10,0.12191258668899536,6.0
2022-01-11,-0.5474456191062927,77.4
2022-01-12,0.19076106548309327,3.0
2022-01-13,-0.17735971212387086,4.8
2022-01-14,0.012014293670654297,4.8
2022-01-15,-0.5311272621154786,3.0
2022-01-16,-0.325376033782959,10.4
2022-01-17,-0.4139083504676819,8.4
2022-01-18,-0.34977495670318604,4.8
2022-01-19,-0.003028535842895508,2.8
2022-01-20,-0.07997279167175293,4.6
2022-01-21,-0.4769283771514893,4.2
2022-01-22,-0.02547276020050049,20.6
2022-01-23,-0.14481863975524903,4.4
2022-01-24,-0.46519372463226316,3.0
2022-01-25,-0.34000329971313475,10.8
2022-01-26,-0.446825647354126,2.2
2022-01-27,-0.5121212959289551,10.0
2022-01-28,-0.4240954101085663,7.2
2022-01-29,0.1608949899673462,24.0
2022-01-30,-0.738579374551773,4.4
2022-01-31,0.12725238800048827,3.6
2022-02-01,0.0,6.2
2022-02-02,-0.34866652488708494,3.6
2022-02-03,0.0,12.2
2022-02-04,-0.2852968454360962,4.0
2022-02-05,-0.14725762605667114,16.6
2022-02-06,-0.4667744398117065,62.0
2022-02-07,-0.35666154623031615,4.4
2022-02-08,-0.6385813117027282,3.4
2022-02-09,0.0,34.2
2022-02-10,-0.46909706592559813,2.8
2022-02-11,-0.10470438003540039,4.0
2022-02-12,-0.3306450486183167,3.8
2022-02-13,0.19233834743499756,8.0
2022-02-14,-0.21972076892852782,3.4
2022-02-15,-0.3208611965179443,4.6
2022-02-16,-0.5126902818679809,3.6
2022-02-17,-0.3067079186439514,5.0
2022-02-18,-0.1929647445678711,2.8
2022-02-19,-0.4519327640533447,5.4
2022-02-20,-0.11674011945724487,7.2
2022-02-21,-0.3198190450668335,4.2
2022-02-22,-0.043951785564422606,4.2
2022-02-23,-0.2624552547931671,3.6
2022-02-24,-0.39105886220932007,5.0
2022-02-25,-0.49239312410354613,4.6
2022-02-26,0.12815356254577637,2.8
2022-02-27,-0.2543577551841736,4.8
2022-02-28,-0.31588701009750364,4.6
2022-03-01,0.07047555446624756,6.2
2022-03-02,0.33775408267974855,3.0
2022-03-03,-0.3640941858291626,4.8
2022-03-04,-0.13181638717651367,9.8
2022-03-05,-0.10593593120574951,19.4
2022-03-06,-0.2556873559951782,4.0
2022-03-07,-0.4549054384231567,7.6
2022-03-08,-0.021526098251342773,4.0
2022-03-09,-0.3551150918006897,5.8
2022-03-10,-0.1808972716331482,3.0
2022-03-11,0.0,8.6
2022-03-12,-0.2737896919250488,153.0
2022-03-13,-0.32829190492630006,5.6
2022-03-14,-0.17108410596847534,10.8
2022-03-15,-0.22608071565628052,3.4
2022-03-16,-0.07273762226104737,4.8
2022-03-17,-0.39383909702301023,7.2
2022-03-18,-0.2713159084320068,7.0
2022-03-19,0.08451480269432068,4.0
2022-03-20,-0.33912081718444825,5.8
2022-03-21,-0.5470320880413055,7.4
2022-03-22,-0.1420218825340271,2.8
2022-03-23,-0.13791881799697875,7.0
2022-03-24,-0.34195717573165896,5.8
2022-03-25,-0.2004407525062561,5.6
2022-03-26,-0.2789461016654968,10.8
2022-03-27,0.21795544624328614,15.6
2022-03-28,-0.28683115243911744,6.4
2022-03-29,-0.10679950714111328,12.4
2022-03-30,0.0,4.2
2022-03-31,-0.1473594307899475,4.0
2022-04-01,-0.3518399715423584,4.8
2022-04-02,-0.26422159671783446,9.4
2022-04-03,0.38979467153549197,9.2
2022-04-04,-0.195080029964447,4.6
2022-04-05,-0.036934494972229004,5.0
2022-04-06,-0.27043107748031614,2.6
2022-04-07,0.31421472430229186,5.2
2022-04-08,-0.23585236072540283,8.6
2022-04-09,-0.2746596813201904,6.2
2022-04-10,-0.26587778329849243,19.8
2022-04-11,-0.36587029695510864,6.8
2022-04-12,-0.23343293666839598,7.4
2022-04-13,-0.12466286420822144,4.2
2022-04-14,-0.29658260345458987,46.0
2022-04-15,-0.24981024265289306,3.2
2022-04-16,-0.10851452350616456,3.6
2022-04-17,-0.3034198760986328,9.0
2022-04-18,-0.13220548629760742,4.2
2022-04-19,-0.44963583946228025,4.4
2022-04-20,-0.1515101194381714,5.0
2022-04-21,-0.1997814655303955,3.4
2022-04-22,0.18404464721679686,3.0
2022-04-23,-0.31582437753677367,4.8
2022-04-24,-0.06011897325515747,5.0
2022-04-25,-0.1648136258125305,4.8
2022-04-26,-0.12521913051605224,80.4
2022-04-27,-0.1913619041442871,3.6
2022-04-28,-0.10669950246810914,4.0
2022-04-29,-0.18799870014190673,4.0
2022-04-30,-0.2984733581542969,3.0
2022-05-01,-0.08873934149742127,27.0
2022-05-02,0.01955268383026123,3.8
2022-05-03,-0.18049052953720093,12.6
2022-05-04,-0.2659014821052551,4.2
2022-05-05,0.014987611770629882,5.6
2022-05-06,0.03863351345062256,4.2
2022-05-07,-0.14581961631774903,9.6
2022-05-08,0.0033306479454040527,6.0
2022-05-09,-0.23289215564727783,6.0
2022-05-10,-0.4389369249343872,3.8
2022-05-11,0.1945010781288147,5.6
2022-05-12,-0.5255504131317139,9.4
2022-05-13,-0.4090831935405731,2.8
2022-05-14,-0.2643958568572998,9.4
2022-05-15,-0.16064064502716063,3.8
2022-05-16,-0.5446794390678406,5.4
2022-05-17,-0.10186159610748291,3.2
2022-05-18,-0.19540011882781982,3.2
2022-05-19,0.1789875030517578,5.2
2022-05-20,-0.3315895557403564,6.8
2022-05-21,-0.3010566711425781,406.2
2022-05-22,-0.1910270094871521,7.4
2022-05-23,0.19672112464904784,14.0
2022-05-24,0.3828009247779846,2.6
2022-05-25,-0.5407865643501282,2.8
2022-05-26,0.0,7.2
2022-05-27,-0.4059110045433044,3.2
2022-05-28,0.0,5.4
2022-05-29,-0.5852438092231751,16.2
2022-05-30,-0.056056761741638185,3.2
2022-05-31,-0.25085772275924684,17.2
2022-06-01,-0.1368162989616394,10.2
2022-06-02,-0.2360864043235779,6.2
2022-06-03,-0.11495805978775024,123.0
2022-06-04,-0.23335519433021545,4.6
2022-06-05,-0.10845539569854737,5.8
2022-06-06,0.006643891334533691,2.8
2022-06-07,-0.10731017589569092,6.0
2022-06-08,-0.053243333101272584,3.2
2022-06-09,-0.16312175989151,4.0
2022-06-10,0.03418809175491333,4.0
2022-06-11,0.2951845109462738,3.2
2022-06-12,-0.1623491168022156,2.4
2022-06-13,-0.1880335807800293,5.2
2022-06-14,0.11610646247863769,4.0
2022-06-15,0.3518857955932617,4.0
2022-06-16,-0.38168935775756835,4.6
2022-06-17,0.0,5.8
2022-06-18,-0.32275412082672117,3.8
2022-06-19,-0.3821702480316162,6.0
2022-06-20,0.10110812187194824,3.8
2022-06-21,-0.3260601043701172,7.0
2022-06-22,0.023353779315948488,2.2
2022-06-23,-0.38795789480209353,5.2
2022-06-24,-0.18924013376235962,2.6
2022-06-25,-0.15842101573944092,3.6
2022-06-26,-0.1795775294303894,13.8
2022-06-27,0.15632379055023193,4.6
2022-06-28,-0.06952581405639649,135.4
2022-06-29,0.13022047877311707,3.0
2022-06-30,-0.5590214371681214,3.6
2022-07-01,0.1824382424354553,4.6
2022-07-02,-0.1258683443069458,22.6
2022-07-03,-0.4627094030380249,2.2
2022-07-04,-0.3041649222373962,3.2
2022-07-05,-0.11186314821243286,5.0
2022-07-06,-0.4240764617919922,12.8
2022-07-07,-0.14076875448226928,3.4
2022-07-08,-0.035825037956237794,2.2
2022-07-09,0.0,4.4
2022-07-10,0.021326005458831787,3.4
2022-07-11,0.23959630727767944,5.8
2022-07-12,-0.43120498657226564,11.6
2022-07-13,-0.3038601875305176,5.6
2022-07-14,0.0,7.0
2022-07-15,-0.029152834415435792,2.2
2022-07-16,-0.13054768443107606,56.2
2022-07-17,-0.007278823852539062,4.6
2022-07-18,-0.30395529270172117,7.8
2022-07-19,-0.49577945470809937,4.4
2022-07-20,-0.18334650993347168,3.2
2022-07-21,-0.23938249349594115,41.2
2022-07-22,-0.6357519030570984,15.6
2022-07-23,-0.35433454513549806,4.6
2022-07-24,0.3812041223049164,5.6
2022-07-25,-0.1963890790939331,4.4
2022-07-26,-0.21344054937362672,5.0
2022-07-27,-0.4047266602516174,3.6
2022-07-28,-0.5013529181480407,2.4
2022-07-29,0.0800358772277832,38.8
2022-07-30,-0.1704736828804016,5.0
2022-07-31,-0.40071123242378237,5.6
2022-08-01,-0.0694327712059021,5.6
2022-08-02,-0.08619150519371033,27.0
2022-08-03,-0.495957088470459,23.0
2022-08-04,-0.0717121958732605,7.0
2022-08-05,-0.02374100685119629,9.2
2022-08-06,-0.1080549955368042,22.4
2022-08-07,0.07244637012481689,3.2
2022-08-08,-0.15703508853912354,7.6
2022-08-09,-0.3076478958129883,5.0
2022-08-10,-0.37615880370140076,3.2
2022-08-11,0.1928371548652649,3.8
2022-08-12,-0.34808180332183836,3.8
2022-08-13,0.04249341487884521,10.2
2022-08-14,0.1939372420310974,52.6
2022-08-15,0.36677237749099734,5.0
2022-08-16,0.09925422668457032,10.2
2022-08-17,-0.19951605796813965,3.8
2022-08-18,0.326268470287323,11.2
2022-08-19,0.008751320838928222,18.2
2022-08-20,-0.1452559471130371,33.2
2022-08-21,-0.14910053014755248,9.4
2022-08-22,0.19547531604766846,33.8
2022-08-23,-0.3149552345275879,5.4
2022-08-24,-0.5868657112121582,4.6
2022-08-25,-0.35437151193618777,6.4
2022-08-26,-0.047922009229660036,6.2
2022-08-27,0.032134068012237546,8.2
2022-08-28,-0.2615196704864502,14.4
2022-08-29,0.07438961267471314,9.6
2022-08-30,0.29347881078720095,3.6
2022-08-31,-0.14142956733703613,5.8
2022-09-01,-0.34690773487091064,5.0
2022-09-02,0.012986087799072265,94.6
2022-09-03,0.018058514595031737,6.2
2022-09-04,-0.10312944650650024,5.2
2022-09-05,-0.16381852626800536,5.6
2022-09-06,-0.47742040157318116,7.6
2022-09-07,-0.14271923303604125,12.2
2022-09-08,-0.23241885900497436,11.8
2022-09-09,-0.3492177128791809,4.4
2022-09-10,0.19038119316101074,3.4
2022-09-11,-0.124286687374115,3.0
2022-09-12,-0.18983548879623413,4.0
2022-09-13,0.31681505441665647,3.8
2022-09-14,-0.5491269111633301,8.6
2022-09-15,-0.1591563940048218,146.8
2022-09-16,-0.26272406578063967,6.2
2022-09-17,-0.22488938570022582,6.0
2022-09-18,-0.25699437856674195,5.4
2022-09-19,-0.39874106645584106,7.6
2022-09-20,0.18807673454284668,2.4
2022-09-21,0.016876626014709472,5.4
2022-09-22,-0.16828510761260987,4.4
2022-09-23,-0.15363067388534546,2.8
2022-09-24,-0.1566355347633362,2.6
2022-09-25,-0.2628329634666443,61.8
2022-09-26,-0.29679235219955447,7.8
2022-09-27,-0.34828728437423706,4.2
2022-09-28,-0.3186197757720947,22.2
2022-09-29,-0.25708160400390623,23.0
2022-09-30,-0.31753853559494016,19.2
2022-10-01,-0.2960649967193604,33.8
2022-10-02,-0.19459657669067382,5.0
2022-10-03,-0.3490403413772583,5.6
2022-10-04,-0.5776338517665863,5.6
2022-10-05,0.09137102961540222,4.2
2022-10-06,-0.33999004364013674,10.0
2022-10-07,0.16225929260253907,4.8
2022-10-08,-0.09562548398971557,9.8
2022-10-09,0.18378552198410034,5.0
2022-10-10,0.5575016498565674,3.6
2022-10-11,0.03219085931777954,4.2
2022-10-12,-0.02878836393356323,4.4
2022-10-13,-0.06371158957481385,5.8
2022-10-14,-0.08624916076660157,3.0
2022-10-15,-0.3399375081062317,4.2
2022-10-16,-0.1255884885787964,2.6
2022-10-17,-0.3106497526168823,5.4
2022-10-18,-0.33122949600219725,118.2
2022-10-19,-0.020746350288391113,2.4
2022-10-20,-0.3641073703765869,8.0
2022-10-21,-0.4889796495437622,5.6
2022-10-22,-0.45663071870803834,3.6
2022-10-23,-0.30340057611465454,2.8
2022-10-24,-0.23467776775360108,5.4
2022-10-25,0.3578924298286438,6.8
2022-10-26,-0.1707520604133606,10.4
2022-10-27,0.0,9.4
2022-10-28,-0.4013733983039856,5.8
2022-10-29,0.1868053913116455,4.4
2022-10-30,-0.06542447805404664,20.6
2022-10-31,-0.13760961294174195,6.2
2022-11-01,-0.18757896423339843,5.0
2022-11-02,-0.2797638773918152,4.6
2022-11-03,0.17363052368164061,2.6
2022-11-04,0.0,3.0
2022-11-05,-0.2332668662071228,2.4
2022-11-06,-0.34916478395462036,3.2
2022-11-07,-0.30524919033050535,20.0
2022-11-08,-0.1086083173751831,8.8
2022-11-09,-0.10167466402053833,9.8
2022-11-10,0.000666654109954834,9.0
2022-11-11,-0.47893362045288085,3.8
2022-11-12,-0.33682146668434143,10.4
2022-11-13,-0.30414767265319825,10.0
2022-11-14,-0.2254106044769287,4.2
2022-11-15,0.29601054191589354,3.6
2022-11-16,-0.37746802568435667,3.2
2022-11-17,-0.1404538035392761,28.8
2022-11-18,-0.03818100690841675,9.6
2022-11-19,-0.535564923286438,3.2
2022-11-20,0.16362643241882324,7.8
2022-11-21,-0.5457243502140046,2.8
2022-11-22,-0.4604480147361755,4.8
2022-11-23,-0.00028529167175292967,8.4
2022-11-24,0.030210429430007936,23.0
2022-11-25,-0.19914544820785524,14.2
2022-11-26,-0.5176866471767425,7.2
2022-11-27,0.2847525358200073,6.2
2022-11-28,0.11004714369773864,4.0
2022-11-29,-0.49906880855560304,9.0
2022-11-30,-0.4567980170249939,6.4
2022-12-01,-0.32303611040115354,3.4
2022-12-02,-0.5455296039581299,5.4
2022-12-03,-0.5606854140758515,2.8
2022-12-04,-0.32340575456619264,3.0
2022-12-05,-0.0003842473030090332,4.2
2022-12-06,-0.14707531929016113,4.0
2022-12-07,-0.3775589168071747,2.2
2022-12-08,-0.3939777255058289,5.4
2022-12-09,-0.2847967743873596,26.4
2022-12-10,-0.11883310079574586,4.2
2022-12-11,0.22227916717529297,7.6
2022-12-12,0.27167209386825564,3.2
2022-12-13,-0.48803545236587526,3.0
2022-12-14,0.0509186863899231,3.6
2022-12-15,-0.40274455547332766,30.2
2022-12-16,-0.10161023139953614,11.8
2022-12-17,-0.1769593358039856,9.6
2022-12-18,-0.45566118955612184,11.8
2022-12-19,-0.3669000267982483,23.0
2022-12-20,-0.03314592838287354,2.8
2022-12-21,-0.1887466549873352,3.2
2022-12-22,-0.21753398180007935,47.6
2022-12-23,-0.1283537983894348,28.8
2022-12-24,0.07340538501739502,16.0
2022-12-25,-0.3025273323059082,4.8
2022-12-26,-0.1561144232749939,6.8
2022-12-27,-0.42440404891967776,4.0
2022-12-28,-0.14770475625991822,13.4
2022-12-29,-0.3233011245727539,2.2
2022-12-30,-0.057635939121246337,4.2
2022-12-31,-0.15072436332702638,3.0
2023-01-01,-0.09184139966964722,3.2
2023-01-02,-0.14245452880859374,6.2
2023-01-03,-0.1269321322441101,3.8
2023-01-04,-0.111830735206604,4.6
2023-01-05,0.03712733387947083,105.0
2023-01-06,-0.13668982982635497,3.2
2023-01-07,0.1871584177017212,2.8
2023-01-08,0.0855020523071289,5.8
2023-01-09,-0.6863329887390137,3.0
2023-01-10,-0.4491034746170044,5.0
2023-01-11,0.06619088649749756,6.8
2023-01-12,0.03391101360321045,2.8
2023-01-13,-0.2927462339401245,2.4
2023-01-14,0.0,5.8
2023-01-15,0.02070801258087158,2.0
2023-01-16,-0.25063128471374513,2.6
2023-01-17,-0.009569096565246581,4.6
2023-01-18,-0.33704452514648436,4.8
2023-01-19,-0.23538627624511718,2.6
2023-01-20,-0.4769476056098938,30.2
2023-01-21,0.09979865550994874,3.8
2023-01-22,-0.1665815830230713,3.2
2023-01-23,0.4065446496009827,3.6
2023-01-24,-0.3174933552742004,8.4
2023-01-25,-0.1237298846244812,6.4
2023-01-26,-0.3534999489784241,5.4
2023-01-27,-0.1117977261543274,7.0
2023-01-28,-0.22421940565109252,13.4
2023-01-29,0.508723258972168,15.2
2023-01-30,-0.48774871826171873,3.8
2023-01-31,-0.7377024054527282,8.4
2023-02-01,0.06549533605575561,2.6
2023-02-02,-0.23453086614608765,3.0
2023-02-03,-0.3216492056846619,4.2
2023-02-04,0.12013235092163085,3.8
2023-02-05,-0.4186733365058899,12.0
2023-02-06,0.05274476408958435,3.8
2023-02-07,-0.4907801985740662,3.8
2023-02-08,0.08829416036605835,6.4
2023-02-09,-0.14922828674316407,3.0
2023-02-10,-0.258871865272522,5.6
2023-02-11,-0.2702951192855835,5.2
2023-02-12,0.10161079168319702,2.6
2023-02-13,0.39791710376739503,3.2
2023-02-14,0.18401241302490234,3.0
2023-02-15,-0.5553959965705871,4.8
2023-02-16,0.0,6.2
2023-02-17,-0.6105991005897522,5.4
2023-02-18,-0.36782360076904297,9.2
2023-02-19,-0.2320960521697998,7.4
2023-02-20,-0.09304733276367187,11.6
2023-02-21,-0.0906220555305481,3.8
2023-02-22,-0.243769770860672,3.8
2023-02-23,-0.6903315424919129,6.0
2023-02-24,-0.005551052093505859,3.4
2023-02-25,-0.1976664423942566,2.6
2023-02-26,-0.25343496799468995,2.6
2023-02-27,0.0,3.0
2023-02-28,-0.008282053470611572,4.6
2023-03-01,0.04503722190856933,3.6
2023-03-02,-0.2354499101638794,3.0
2023-03-03,-0.44978776574134827,3.8
2023-03-04,-0.24624765515327454,3.2
2023-03-05,-0.11793580055236816,11.0
2023-03-06,-0.6418682694435119,28.6
2023-03-07,-0.27841624021530154,10.0
2023-03-08,-0.4169396460056305,4.0
2023-03-09,-0.0533068060874939,3.2
2023-03-10,-0.09786657094955445,2.4
2023-03-11,0.0,2.6
2023-03-12,-0.48670449256896975,7.6
2023-03-13,-0.28178724050521853,3.4
2023-03-14,0.05743183493614197,5.6
2023-03-15,-0.3265380382537842,10.0
2023-03-16,-0.2623954892158508,9.2
2023-03-17,-0.36075069904327395,14.0
2023-03-18,0.10538692474365234,28.2
2023-03-19,0.0,5.2
2023-03-20,-0.5895718336105347,5.0
2023-03-21,0.017871451377868653,3.4
2023-03-22,-0.13152093291282654,24.4
2023-03-23,-0.5218411684036255,6.6
2023-03-24,0.1366826593875885,8.8
2023-03-25,0.011488699913024902,3.2
2023-03-26,0.014233052730560303,12.6
2023-03-27,-0.16814179420471193,8.8
2023-03-28,-0.12803136110305785,4.4
2023-03-29,-0.5520321607589722,2.8
2023-03-30,0.10289352536201476,3.4
2023-03-31,-0.15885210037231445,4.4
2023-04-01,0.1235044240951538,6.6
2023-04-02,-0.36140462160110476,3.0
2023-04-03,-0.15013927221298218,2.6
2023-04-04,-0.3002400279045105,2.2
2023-04-05,0.02431659698486328,16.2
2023-04-06,-0.32546170949935915,4.6
2023-04-07,-0.1686007022857666,9.2
2023-04-08,0.1871024489402771,3.2
2023-04-09,-0.11551963090896607,3.6
2023-04-10,-0.2672265410423279,4.2
2023-04-11,-0.10063437223434449,2.6
2023-04-12,0.1292622447013855,2.2
2023-04-13,-0.5088520407676697,3.2
2023-04-14,-0.0934222936630249,8.8
2023-04-15,-0.1276567578315735,2.4
2023-04-16,-0.36990922689437866,3.2
2023-04-17,-0.0995795726776123,3.8
2023-04-18,-0.1669425845146179,4.4
2023-04-19,0.12261362075805664,21.8
2023-04-20,-0.3810556411743164,97.2
2023-04-21,-0.5556221842765808,18.2
2023-04-22,-0.4999705791473389,2.8
2023-04-23,-0.16981452703475952,5.8
2023-04-24,-0.40318434238433837,5.2
2023-04-25,-0.48936269283294676,4.6
2023-04-26,-0.5280606985092163,4.2
2023-04-27,0.1445191264152527,5.4
2023-04-28,-0.6384122967720032,6.8
2023-04-29,0.0539111852645874,4.0
2023-04-30,0.14034379720687867,8.8
2023-05-01,-0.0009066879749298096,3.8
2023-05-02,-0.40793423652648925,4.8
2023-05-03,-0.4478102087974548,13.0
2023-05-04,-0.31598682403564454,2.2
2023-05-05,-0.3624677062034607,4.2
2023-05-06,0.009473764896392822,4.8
2023-05-07,-0.15839717388153077,8.0
2023-05-08,-0.03802844285964966,17.6
2023-05-09,0.006677377223968506,2.8
2023-05-10,-0.31696335077285764,36.4
2023-05-11,-0.18885573148727416,3.2
2023-05-12,0.1759273052215576,9.2
2023-05-13,-0.2730241894721985,21.4
2023-05-14,-0.12505006790161133,8.6
2023-05-15,0.00862349271774292,2.6
2023-05-16,-0.17403892278671265,3.2
2023-05-17,0.0897688627243042,3.6
2023-05-18,0.11488004922866821,2.6
2023-05-19,-0.3564919471740723,2.4
2023-05-20,0.13467066287994384,5.8
2023-05-21,-0.39932210445404054,16.0
2023-05-22,-0.15009137392044067,5.2
2023-05-23,-0.0017915010452270509,30.2
2023-05-24,-0.19381849765777587,5.2
2023-05-25,-0.31184910535812377,2.2
2023-05-26,-0.12350358963012695,32.0
2023-05-27,-0.026923835277557373,4.0
2023-05-28,-0.18317376375198363,2.6
2023-05-29,0.035031473636627196,31.0
2023-05-30,-0.34092546701431276,3.4
2023-05-31,-0.22420867085456847,3.2
2023-06-01,-0.4675173759460449,2.0
2023-06-02,-0.22172588109970093,3.6
2023-06-03,-0.2752259850502014,2.6
2023-06-04,-0.17412363290786742,2.6
2023-06-05,0.12514506578445433,3.0
2023-06-06,-0.12719502449035644,3.2
2023-06-07,0.13813819885253906,5.0
2023-06-08,-0.07523776292800903,20.6
2023-06-09,-0.24831095933914185,6.0
2023-06-10,-0.1187098503112793,2.2
2023-06-11,0.314957857131958,4.4
2023-06-12,-0.2439803123474121,20.8
2023-06-13,-0.2640933871269226,25.2
2023-06-14,-0.20220656394958497,23.2
2023-06-15,-0.1173248052597046,3.0
2023-06-16,-0.1600869655609131,2.8
2023-06-17,-0.3920117974281311,4.2
2023-06-18,-0.18784048557281494,5.2
2023-06-19,-0.4373454570770264,9.2
2023-06-20,0.2110670804977417,3.2
2023-06-21,-0.30721522569656373,6.6
2023-06-22,-0.17623931169509888,6.2
2023-06-23,-0.6560490250587463,4.0
2023-06-24,-0.4318631410598755,84.4
2023-06-25,0.11088322401046753,6.4
2023-06-26,-0.4496229887008667,3.4
2023-06-27,0.003217458724975586,4.8
2023-06-28,0.07541439533233643,8.6
2023-06-29,0.10749056339263915,4.6
2023-06-30,-0.10540257692337036,8.6
2023-07-01,0.1495218276977539,5.2
2023-07-02,-0.41161290407180784,5.8
2023-07-03,-0.004759883880615235,4.2
2023-07-04,-0.5408087015151978,4.8
2023-07-05,-0.2957885265350342,2.6
2023-07-06,-0.3507044196128845,5.8
2023-07-07,-0.44399635791778563,2.6
2023-07-08,-0.375414764881134,4.8
2023-07-09,-0.11414332389831543,4.4
2023-07-10,-0.05797821283340454,3.8
2023-07-11,0.11841393709182739,2.2
2023-07-12,0.0,3.2
2023-07-13,0.020521771907806397,2.2
2023-07-14,-0.2248181939125061,2.2
2023-07-15,-0.5313636898994446,2.0
2023-07-16,-0.1885344624519348,3.0
2023-07-17,-0.30970910787582395,2.8
2023-07-18,-0.18808367252349853,2.4
2023-07-19,-0.1298120617866516,3.6
2023-07-20,-0.33725093603134154,2.2
2023-07-21,-0.4938768744468689,2.0
2023-07-22,-0.22602933645248413,17.8
2023-07-23,-0.3024890899658203,33.8
2023-07-24,-0.20625852346420287,3.6
2023-07-25,-0.000624006986618042,3.4
2023-07-26,-0.15879656076431276,2.6
2023-07-27,-0.3452868938446045,3.6
2023-07-28,-0.24466948509216307,2.2
2023-07-29,-0.008071720600128174,2.4
2023-07-30,-0.1172027349472046,3.6
2023-07-31,-0.1903684377670288,2.0
2023-08-01,-0.35030304193496703,2.0
2023-08-02,-0.436633026599884,2.4
2023-08-03,-0.3297663688659668,2.0
2023-08-04,-0.09809472560882568,3.2
2023-08-05,0.07825254201889038,2.0
2023-08-06,0.16780686378479004,2.8
2023-08-07,-0.2796546697616577,3.4
2023-08-08,-0.13156685829162598,2.0
2023-08-09,0.10788533687591553,2.0
2023-08-10,-0.13721740245819092,2.4
2023-08-11,-0.6685097098350525,2.0
2023-08-12,0.07776767015457153,3.2
2023-08-13,-0.18257592916488646,2.0
2023-08-14,-0.2657447576522827,3.8
2023-08-15,-0.1934203863143921,4.8
2023-08-16,-0.345719051361084,2.8
2023-08-17,-0.4996078133583069,2.0
2023-08-18,-0.5119757771492004,2.0
2023-08-19,-0.1734873414039612,2.6
2023-08-20,-0.15429693460464478,2.0
2023-08-21,-0.39378913640975954,3.0
2023-08-22,-0.4346374750137329,2.6
2023-08-23,0.3124722480773926,2.2
2023-08-24,0.2290555238723755,2.8
2023-08-25,-0.25631911754608155,2.0
2023-08-26,0.0,2.0
2023-08-27,0.15006142854690552,2.0
2023-08-28,-0.2947249412536621,2.0
2023-08-29,-0.32676851749420166,2.2
2023-08-30,0.16970360279083252,2.2
2023-08-31,-0.6533246278762818,2.2
2023-09-01,0.14331084489822388,2.6
2023-09-02,-0.29528040885925294,2.0
2023-09-03,0.1622382640838623,2.6
2023-09-04,0.10778343677520752,2.0
2023-09-05,0.1675810694694519,2.0
2023-09-06,-0.34004987478256227,2.4
2023-09-07,-0.429466187953949,2.4
2023-09-08,-0.11078198552131653,2.2
2023-09-09,0.0,5.0
2023-09-10,0.0,2.2
2023-09-11,0.07697235345840454,2.4
2023-09-12,-0.44967700242996217,2.8
2023-09-13,-0.4159687638282776,6.2
2023-09-14,-0.07767966985702515,2.0
2023-09-15,-0.37271069288253783,2.8
2023-09-16,-0.37025264501571653,2.8
2023-09-17,-0.34805290699005126,4.0
2023-09-18,-0.4986837387084961,2.0
2023-09-19,-0.4497258424758911,2.0
2023-09-20,-0.6272342920303344,2.0
2023-09-21,-0.6091179847717285,2.2
2023-09-22,0.28053454160690305,2.8
2023-09-23,-0.33814688920974734,3.0
2023-09-24,0.03658125400543213,2.4
2023-09-25,-0.500152051448822,2.0
2023-09-26,0.049246442317962644,2.6
2023-09-27,-0.10874990224838257,2.0
2023-09-28,-0.17903460264205934,2.4
2023-09-29,0.01575181484222412,2.0
2023-09-30,0.07226741313934326,2.0
2023-10-01,-0.29198909997940065,2.2
2023-10-02,-0.21908998489379883,2.0
2023-10-03,-0.10400810241699218,2.0
2023-10-04,-0.4353693962097168,2.0
2023-10-05,-0.12002876400947571,3.2
2023-10-06,-0.2554372549057007,2.0
2023-10-07,0.1885166883468628,2.4
2023-10-08,0.0,2.0
2023-10-09,-0.026886951923370362,2.0
2023-10-10,-0.25446711778640746,2.0
2023-10-11,0.046272099018096924,2.0
2023-10-12,-0.10803555250167847,2.2
2023-10-13,0.0,2.6
2023-10-14,0.3512220740318298,2.0
2023-10-15,-0.32229182720184324,4.2
2023-10-16,-0.34532326459884644,3.4
2023-10-17,-0.3394498944282532,2.8
2023-10-18,-0.3871091365814209,3.0
2023-10-19,0.3468042492866516,4.6
2023-10-20,-0.29249008893966677,2.2
2023-10-21,-0.22940550446510316,15.6
2023-10-22,-0.2732710838317871,3.6
2023-10-23,-0.3863861680030823,2.6
2023-10-24,-0.27059000730514526,2.2
2023-10-25,0.06284369230270385,2.4
2023-10-26,0.09318872094154358,2.4
2023-10-27,-0.17587100267410277,2.8
2023-10-28,-0.14292352199554442,2.0
2023-10-29,-0.342233407497406,3.8
2023-10-30,-0.6395787715911865,2.2
2023-10-31,-0.11467314958572387,2.2
2023-11-01,-0.6072051763534546,8.8
2023-11-02,-0.3713895559310913,4.6
2023-11-03,-0.33021763563156126,2.4
2023-11-04,-0.09015781879425049,3.8
2023-11-05,-0.008902579545974731,6.0
2023-11-06,-0.10195763111114502,5.6
2023-11-07,-0.2995749473571777,10.6
2023-11-08,-0.24028120040893555,3.6
2023-11-09,-0.007681143283843994,10.8
2023-11-10,-0.41027235984802246,7.0
2023-11-11,-0.0021386265754699705,7.8
2023-11-12,-0.02210659980773926,18.0
2023-11-13,-0.554384970664978,7.8
2023-11-14,-0.3390687942504883,4.8
2023-11-15,-0.019770210981369017,6.6
2023-11-16,0.016299104690551756,7.2
2023-11-17,-0.32005330324172976,5.6
2023-11-18,-0.13297077417373657,6.8
2023-11-19,-0.7405425071716308,6.6
2023-11-20,-0.39942219853401184,3.0
2023-11-21,-0.37638823986053466,6.4
2023-11-22,0.12132948637008667,4.0
2023-11-23,-0.07746787071228027,5.0
2023-11-24,-0.21201924085617066,238.4
2023-11-25,0.0,16.2
2023-11-26,0.01712501049041748,30.2
2023-11-27,-0.09215576648712158,4.0
2023-11-28,-0.2787402033805847,10.8
2023-11-29,-0.34310729503631593,4.8
2023-11-30,-0.40616541504859927,3.4
2023-12-01,-0.3494557023048401,4.2
2023-12-02,-0.2567966878414154,13.2
2023-12-03,-0.35534368753433226,5.6
2023-12-04,-0.18069688677787782,10.4
2023-12-05,-0.26320276260375974,31.2
2023-12-06,-0.32882591485977175,4.8
2023-12-07,-0.10805941820144653,7.4
2023-12-08,-0.0902983546257019,4.4
2023-12-09,-0.09761079549789428,10.8
2023-12-10,-0.49652494192123414,3.4
2023-12-11,-0.3723974943161011,2.8
2023-12-12,0.0,3.0
2023-12-13,-0.09749164581298828,5.8
2023-12-14,-0.13424305915832518,2.4
2023-12-15,-0.1275617480278015,3.0
2023-12-16,0.09661141037940979,11.6
2023-12-17,0.0,6.8
2023-12-18,-0.170379114151001,11.2
2023-12-19,-0.5537084817886353,7.2
2023-12-20,0.6324722766876221,2.6
2023-12-21,0.3040745258331299,5.4
2023-12-22,-0.27879841923713683,7.0
2023-12-23,0.007345747947692871,4.8
2023-12-24,0.12997478246688843,8.0
2023-12-25,0.22092777490615845,3.0
2023-12-26,-0.38304314613342283,4.0
2023-12-27,-0.19429413080215455,3.4
2023-12-28,-0.2974127888679504,5.8
2023-12-29,-0.2962642192840576,6.2
2023-12-30,-0.4603396415710449,7.6
2023-12-31,-0.1479194164276123,3.2
